Charity Name,Registration Number,URL,1510,1570,1600,1800,2000,2100,2400,2660,2700,2770,3200,3400,3900,4000,4020,4050,4100,4110,4120,4130,4140,4150,4155,4160,4165,4166,4170,4180,4200,4250,4300,4310,4320,4330,4350,4400,4490,4500,4505,4510,4530,4565,4570,4571,4575,4630,4640,4650,4700,5610,4505,4510,4530,4540,4550,4560,4571,4575,4585,4590,4600,4610,4620,4630,4640,4650,4655,4700,4800,4810,4820,4830,4840,4850,4860,4870,4880,4890,4891,4900,4910,4920,4930,4950,5000,5010,5020,5040,5050,5100,5500,5510,5750,5800,5810,5820,5830,5900
# 557 SQUADRON ROYAL CANADIAN AIR CADETS INC,125593657RR0129,https://apps.cra-arc.gc.ca/ebci/hacc/srch/pub/dsplyRprtngPrd?q.srchNm=cadets&selectedCharityBn=125593657RR0129&dsrdPg=1,,,,,,,,,,,,,,,,,,,,,,,,,,,,,,,,,,,,,,,,,,,,,,,,,,,,,,,,,,,,,,,,,,,,,,,,,,,,,,,,,,,,,,,,,,,,,,,,,,
ARMY CADET FOUNDATION - FONDATION DES CADETS DE L'ARMEE,886393792RR0001,https://apps.cra-arc.gc.ca/ebci/hacc/srch/pub/dsplyRprtngPrd?q.srchNm=cadets&selectedCharityBn=886393792RR0001&dsrdPg=1,No,No,Yes,Yes,Yes,No,No,,No,,No,No,No,No,Accrual,,,,,,,,,,,,,,,,,,,,,,,,,,,,,,,,,,,,,,,,,,,,,,,,,,,,,,,,,,,,,,,,,,,,,,,,,,,,,,,No,No,No,No,
Beaumont 287 Air Cadets Parent Committee,849610720RR0001,https://apps.cra-arc.gc.ca/ebci/hacc/srch/pub/dsplyRprtngPrd?q.srchNm=cadets&selectedCharityBn=849610720RR0001&dsrdPg=1,,,,,,,,,,,,,,,,,,,,,,,,,,,,,,,,,,,,,,,,,,,,,,,,,,,,,,,,,,,,,,,,,,,,,,,,,,,,,,,,,,,,,,,,,,,,,,,,,,
Cadets de l'Air Escadron 646 La Tuque,123613523RR0078,https://apps.cra-arc.gc.ca/ebci/hacc/srch/pub/dsplyRprtngPrd?q.srchNm=cadets&selectedCharityBn=123613523RR0078&dsrdPg=1,No,No,No,Yes,No,No,,,No,,No,No,No,No,Cash,,,,,,,,,,,,,,,,,,,,,,,,,,,,,,,,,,,,,,,,,,,,,,,,,,,,,,,,,,,,,,,,,,,,,,,,,,,,,,,No,No,No,No,
CADETS DE L'AVIATION ROYALE DU CANADA - Escadron 772 Vanier,123613523RR0053,https://apps.cra-arc.gc.ca/ebci/hacc/srch/pub/dsplyRprtngPrd?q.srchNm=cadets&selectedCharityBn=123613523RR0053&dsrdPg=1,No,No,Yes,Yes,No,No,No,,No,,No,No,No,No,Cash,,,,,,,,,,,,,,,,,,,,,,,,,,,,,,,,,,,,,,,,,,,,,,,,,,,,,,,,,,,,,,,,,,,,,,,,,,,,,,,No,No,No,No,
CADETS DE L'AVIATION ROYALE DU CANADA - 14e Escadron,123613523RR0034,https://apps.cra-arc.gc.ca/ebci/hacc/srch/pub/dsplyRprtngPrd?q.srchNm=cadets&selectedCharityBn=123613523RR0034&dsrdPg=1,No,No,Yes,Yes,No,No,No,,No,,No,No,No,No,Cash,,,,,,,,,,,,,,,,,,,,,,,,,,,,,,,,,,,,,,,,,,,,,,,,,,,,,,,,,,,,,,,,,,,,,,,,,,,,,,,No,No,No,No,
CADETS DE L'AVIATION ROYALE DUCANADA-ESCADRON 799 OPTIMISTE,890631161RR0001,https://apps.cra-arc.gc.ca/ebci/hacc/srch/pub/dsplyRprtngPrd?q.srchNm=cadets&selectedCharityBn=890631161RR0001&dsrdPg=1,,,,,,,,,,,,,,,,,,,,,,,,,,,,,,,,,,,,,,,,,,,,,,,,,,,,,,,,,,,,,,,,,,,,,,,,,,,,,,,,,,,,,,,,,,,,,,,,,,
COMITE DE PARENTS DU CORPS DE CADETS LES GRENADIERS,897634697RR0001,https://apps.cra-arc.gc.ca/ebci/hacc/srch/pub/dsplyRprtngPrd?q.srchNm=cadets&selectedCharityBn=897634697RR0001&dsrdPg=1,,,,,,,,,,,,,,,,,,,,,,,,,,,,,,,,,,,,,,,,,,,,,,,,,,,,,,,,,,,,,,,,,,,,,,,,,,,,,,,,,,,,,,,,,,,,,,,,,,
CORPS DE CADETS DE LA MARINE DRUMMONDVILLE,118877109RR0001,https://apps.cra-arc.gc.ca/ebci/hacc/srch/pub/dsplyRprtngPrd?q.srchNm=cadets&selectedCharityBn=118877109RR0001&dsrdPg=1,No,No,No,Yes,No,No,,,No,,No,No,No,No,Cash,No,,,,,,,,,,,,,"CAN$ 10,808.00",,,,,,CAN$ 0.00,No,Yes,"CAN$ 1,973.00",CAN$ 0.00,CAN$ 0.00,CAN$ 0.00,No,,CAN$ 0.00,CAN$ 0.00,CAN$ 0.00,CAN$ 0.00,CAN$ 0.00,"CAN$ 1,973.00",,CAN$ 0.00,CAN$ 0.00,CAN$ 0.00,,,,CAN$ 0.00,CAN$ 0.00,,,,,,CAN$ 0.00,CAN$ 0.00,CAN$ 0.00,,"CAN$ 1,973.00",,"CAN$ 1,872.00",,,,,,,,,,,,CAN$ 323.00,,"CAN$ 2,195.00","CAN$ 2,195.00",CAN$ 35.00,,,,"CAN$ 2,195.00",,,,No,No,No,No,
EMS Cadets Parents Council,848595641RR0001,https://apps.cra-arc.gc.ca/ebci/hacc/srch/pub/dsplyRprtngPrd?q.srchNm=cadets&selectedCharityBn=848595641RR0001&dsrdPg=1,No,No,No,Yes,No,No,,,No,,No,No,No,No,Cash,No,,,,,,,,,,,,,"CAN$ 36,804.00",,,,,,"CAN$ 12,068.00",No,Yes,"CAN$ 1,249.00",CAN$ 0.00,CAN$ 0.00,"CAN$ 3,280.00",Yes,"CAN$ 36,399.00",CAN$ 0.00,CAN$ 0.00,CAN$ 0.00,"CAN$ 4,127.00",CAN$ 950.00,"CAN$ 46,005.00",,CAN$ 0.00,CAN$ 0.00,"CAN$ 3,280.00",,,,CAN$ 0.00,CAN$ 0.00,,,,,,CAN$ 0.00,"CAN$ 4,127.00",CAN$ 950.00,,"CAN$ 46,005.00",,CAN$ 421.00,,,,,"CAN$ 1,652.00",,,,,,,"CAN$ 17,310.00",,"CAN$ 19,383.00","CAN$ 18,016.00","CAN$ 1,367.00",,,CAN$ 0.00,"CAN$ 19,383.00",,,,No,No,No,No,
"ESCADRON 729 SALABERRY, CADETS DE L'AIR",123613523RR0012,https://apps.cra-arc.gc.ca/ebci/hacc/srch/pub/dsplyRprtngPrd?q.srchNm=cadets&selectedCharityBn=123613523RR0012&dsrdPg=1,No,No,No,Yes,No,No,No,,No,,No,No,No,No,Cash,No,,,,,,,,,,,,,"CAN$ 21,401.00",,,,,,,No,Yes,"CAN$ 1,830.00",,,"CAN$ 1,460.00",Yes,"CAN$ 7,144.00",,,"CAN$ 19,993.00",,"CAN$ 3,852.00","CAN$ 34,279.00",,,,"CAN$ 1,460.00",,,,,,,,,,,"CAN$ 19,993.00",,"CAN$ 3,852.00",,"CAN$ 34,279.00",,,,,,,,,,,,,,"CAN$ 25,603.00",,"CAN$ 25,603.00",,,,,,"CAN$ 25,603.00",,,,No,No,No,No,
Fondation des cadets de Trois-Rivières Inc.,118922897RR0001,https://apps.cra-arc.gc.ca/ebci/hacc/srch/pub/dsplyRprtngPrd?q.srchNm=cadets&selectedCharityBn=118922897RR0001&dsrdPg=1,No,No,Yes,Yes,Yes,No,,,No,,No,No,No,No,Cash,,,,,,,,,,,,,,,,,,,,,,,,,,,,,,,,,,,,,,,,,,,,,,,,,,,,,,,,,,,,,,,,,,,,,,,,,,,,,,,No,No,No,No,
FONDATION DES CADETS DE L'ARMEE (QUEBEC)/ARMY CADET FOUNDATION (QUEBEC,882718521RR0001,https://apps.cra-arc.gc.ca/ebci/hacc/srch/pub/dsplyRprtngPrd?q.srchNm=cadets&selectedCharityBn=882718521RR0001&dsrdPg=1,No,No,No,Yes,No,No,,,No,,No,No,No,No,Accrual,,,,,,,,,,,,,,,,,,,,,,,,,,,,,,,,,,,,,,,,,,,,,,,,,,,,,,,,,,,,,,,,,,,,,,,,,,,,,,,No,No,No,No,
L'ASSOCIATION CADETS 'ESTRIE 2721,119008472RR0001,https://apps.cra-arc.gc.ca/ebci/hacc/srch/pub/dsplyRprtngPrd?q.srchNm=cadets&selectedCharityBn=119008472RR0001&dsrdPg=1,,,,,,,,,,,,,,,,,,,,,,,,,,,,,,,,,,,,,,,,,,,,,,,,,,,,,,,,,,,,,,,,,,,,,,,,,,,,,,,,,,,,,,,,,,,,,,,,,,
La ligue des cadets de l'air du Canada - Escadron 881 St-Joseph de Beauce,123613523RR0081,https://apps.cra-arc.gc.ca/ebci/hacc/srch/pub/dsplyRprtngPrd?q.srchNm=cadets&selectedCharityBn=123613523RR0081&dsrdPg=1,Yes,No,No,Yes,No,No,No,,No,,No,No,No,No,Cash,No,,,,,,,,,,,,,"CAN$ 15,804.00",,,,,,,No,No,,,,"CAN$ 1,500.00",Yes,"CAN$ 11,349.00",,,"CAN$ 13,984.00",,"CAN$ 2,574.00","CAN$ 29,408.00",,,,"CAN$ 1,500.00",,,,,,,,,,,"CAN$ 13,984.00",,"CAN$ 2,574.00",,"CAN$ 29,408.00",,,,,,,,,,,,,,"CAN$ 26,196.00",,"CAN$ 26,196.00","CAN$ 17,625.00",,,,,"CAN$ 26,196.00",,,,No,No,No,No,
"La Ligue des cadets de l'air du Canada (Québec et Vallée de l'Outaouais), Escadron 827 Longueuil",123613523RR0082,https://apps.cra-arc.gc.ca/ebci/hacc/srch/pub/dsplyRprtngPrd?q.srchNm=cadets&selectedCharityBn=123613523RR0082&dsrdPg=1,Yes,No,No,Yes,No,No,,,No,,No,No,No,Yes,Cash,No,,,,,,,,,,,,,"CAN$ 14,598.00",,,,,,,No,Yes,"CAN$ 1,520.00","CAN$ 1,520.00",,"CAN$ 1,010.00",Yes,"CAN$ 7,178.00",,,"CAN$ 19,459.00",,"CAN$ 4,429.00","CAN$ 33,596.00",,"CAN$ 1,520.00",,"CAN$ 1,010.00",,,,,,,,,,,"CAN$ 19,459.00",,"CAN$ 4,429.00",,"CAN$ 33,596.00",,,,,,,,,,,,,,"CAN$ 30,763.00",,"CAN$ 30,763.00","CAN$ 19,109.00",,,,,"CAN$ 30,763.00",,,,No,No,No,No,
"La Ligue des cadets de l'Air du Canada - Escadron 607, Drummondville",123613523RR0076,https://apps.cra-arc.gc.ca/ebci/hacc/srch/pub/dsplyRprtngPrd?q.srchNm=cadets&selectedCharityBn=123613523RR0076&dsrdPg=1,No,No,No,Yes,No,No,No,,No,,No,No,No,No,Cash,No,,,,,,,,,,,,,"CAN$ 4,483.00",,,,,,,No,No,,,,,Yes,"CAN$ 2,717.00",,,"CAN$ 3,110.00",,CAN$ 55.00,"CAN$ 5,883.00",,,,,,,,,,,,,,,"CAN$ 3,110.00",,CAN$ 55.00,,"CAN$ 5,883.00",,,,,,,,,,,,,,"CAN$ 7,372.00",,"CAN$ 7,372.00","CAN$ 6,353.00","CAN$ 1,019.00",,,,"CAN$ 7,372.00",,,,No,No,No,No,
"Ligue de cadets de l'air, escadron 682 laurentides",123613523RR0080,https://apps.cra-arc.gc.ca/ebci/hacc/srch/pub/dsplyRprtngPrd?q.srchNm=cadets&selectedCharityBn=123613523RR0080&dsrdPg=1,No,No,No,Yes,No,No,No,,No,,No,No,No,No,Cash,No,,,,,,,,,,,,,"CAN$ 25,333.00",,,,,,,,,,,,"CAN$ 2,620.00",Yes,"CAN$ 24,151.00",,,"CAN$ 31,789.00",,"CAN$ 1,768.00","CAN$ 60,328.00",,,,"CAN$ 2,620.00",,,,,,,,,,,"CAN$ 31,789.00",,"CAN$ 1,768.00",,"CAN$ 60,328.00",,"CAN$ 5,159.00",,,,,,,,,,,,"CAN$ 52,676.00",,"CAN$ 57,835.00","CAN$ 35,760.00",,,,,"CAN$ 57,835.00",,,,No,No,No,No,
Ligue des cadets de l'air du Canada - Escadron 67 Sherbrooke,123613523RR0069,https://apps.cra-arc.gc.ca/ebci/hacc/srch/pub/dsplyRprtngPrd?q.srchNm=cadets&selectedCharityBn=123613523RR0069&dsrdPg=1,No,No,No,Yes,No,No,No,,No,,No,No,No,No,Cash,No,,,,,,,,,,,,,"CAN$ 2,843.00",,,,,,,No,No,,,,CAN$ 216.00,Yes,"CAN$ 1,630.00",,,"CAN$ 15,824.00",,CAN$ 503.00,"CAN$ 18,173.00",,,,CAN$ 216.00,,,,,,,,,,,"CAN$ 15,824.00",,CAN$ 503.00,,"CAN$ 18,173.00",,,,,,,,,,,,,,"CAN$ 20,421.00",,"CAN$ 20,421.00","CAN$ 12,620.00","CAN$ 7,801.00",,,,"CAN$ 20,421.00",,,,No,No,No,No,
Ligue des cadets de l'air du Canada - Escadron 725 Massey-Vanier,123613523RR0056,https://apps.cra-arc.gc.ca/ebci/hacc/srch/pub/dsplyRprtngPrd?q.srchNm=cadets&selectedCharityBn=123613523RR0056&dsrdPg=1,,No,No,Yes,No,No,No,,No,,No,No,No,,Cash,No,,,,,,,,,,,,,"CAN$ 8,045.00",,,,,,,No,,,,,"CAN$ 1,280.00",Yes,"CAN$ 5,142.00",,,"CAN$ 10,801.00",,CAN$ 576.00,"CAN$ 17,799.00",,,,"CAN$ 1,280.00",,,,,,,,,,,"CAN$ 10,801.00",,CAN$ 576.00,,"CAN$ 17,799.00",,,,,,,,,,,,,,"CAN$ 16,035.00",,"CAN$ 16,035.00","CAN$ 9,336.00","CAN$ 6,698.00",,,,"CAN$ 16,035.00",,,,No,No,No,No,
Ligue des cadets de l'air du Canada -Escadron 801 Montréal-Nord,123613523RR0079,https://apps.cra-arc.gc.ca/ebci/hacc/srch/pub/dsplyRprtngPrd?q.srchNm=cadets&selectedCharityBn=123613523RR0079&dsrdPg=1,Yes,No,No,Yes,No,No,No,,No,,No,No,No,Yes,Cash,No,,,,,,,,,,,,,"CAN$ 33,231.00",,,,,,,No,Yes,CAN$ 934.00,,,"CAN$ 2,400.00",Yes,"CAN$ 9,295.00",,,"CAN$ 4,874.00",,"CAN$ 2,007.00","CAN$ 19,510.00",,,,"CAN$ 2,400.00",,,,,,,,,,,"CAN$ 4,874.00",,"CAN$ 2,007.00",,"CAN$ 19,510.00",,,,,,,,,,,,,,"CAN$ 18,295.00",,"CAN$ 18,295.00","CAN$ 16,581.00",,,,,"CAN$ 18,295.00",,,,No,No,No,No,
LA LIGUE DES CADETS DE L'AIR DU CANADA (QUEBEC) ESCADRON 670HAUT ST-FRANCOIS,857974133RR0001,https://apps.cra-arc.gc.ca/ebci/hacc/srch/pub/dsplyRprtngPrd?q.srchNm=cadets&selectedCharityBn=857974133RR0001&dsrdPg=1,,,,,,,,,,,,,,,,,,,,,,,,,,,,,,,,,,,,,,,,,,,,,,,,,,,,,,,,,,,,,,,,,,,,,,,,,,,,,,,,,,,,,,,,,,,,,,,,,,
LA LIGUE DES CADETS DE L'AIR DU CANADA - ESCADRON 879 SIR WILFRID-LAURIER,123613523RR0017,https://apps.cra-arc.gc.ca/ebci/hacc/srch/pub/dsplyRprtngPrd?q.srchNm=cadets&selectedCharityBn=123613523RR0017&dsrdPg=1,No,No,No,Yes,No,No,No,,No,,No,No,No,No,Cash,,,,,,,,,,,,,,,,,,,,,,,,,,,,,,,,,,,,,,,,,,,,,,,,,,,,,,,,,,,,,,,,,,,,,,,,,,,,,,,No,No,No,No,
"LA LIGUE DES CADETS DE L'AIR DU CANADA, Escadron 282 Rivière-du-Loup",123613523RR0035,https://apps.cra-arc.gc.ca/ebci/hacc/srch/pub/dsplyRprtngPrd?q.srchNm=cadets&selectedCharityBn=123613523RR0035&dsrdPg=1,Yes,No,No,Yes,No,No,No,,No,,No,No,No,No,,,,,,,,,,,,,,,,,,,,,,,,,,,,,,,,,,,,,,,,,,,,,,,,,,,,,,,,,,,,,,,,,,,,,,,,,,,,,,,,No,No,No,No,
LA LIGUE DES CADETS DE L'ARMEE DU CANADA (QUEBEC),107592867RR0001,https://apps.cra-arc.gc.ca/ebci/hacc/srch/pub/dsplyRprtngPrd?q.srchNm=cadets&selectedCharityBn=107592867RR0001&dsrdPg=1,No,No,No,Yes,Yes,No,,,No,,No,Yes,No,No,Accrual,,,,,,,,,,,,,,,,,,,,,,,,,,,,,,,,,,,,,,,,,,,,,,,,,,,,,,,,,,,,,,,,,,,,,,,,,,,,,,,No,No,No,No,
LA LIGUE DES REPONDANTS DU CORPS DE CADETS 2785 DE RIVIERE-DU-LOUP INC,891493967RR0001,https://apps.cra-arc.gc.ca/ebci/hacc/srch/pub/dsplyRprtngPrd?q.srchNm=cadets&selectedCharityBn=891493967RR0001&dsrdPg=1,,,,,,,,,,,,,,,,,,,,,,,,,,,,,,,,,,,,,,,,,,,,,,,,,,,,,,,,,,,,,,,,,,,,,,,,,,,,,,,,,,,,,,,,,,,,,,,,,,
"LEAGUE DES CADETS DE L'AIR, ESCADRON 544 LOTBINIERE",123613523RR0016,https://apps.cra-arc.gc.ca/ebci/hacc/srch/pub/dsplyRprtngPrd?q.srchNm=cadets&selectedCharityBn=123613523RR0016&dsrdPg=1,,No,No,Yes,,,,,No,,No,No,No,No,,No,,,,,,,,,,,,,"CAN$ 5,953.00",,,,,,,,,,,,"CAN$ 3,990.00",Yes,"CAN$ 6,360.00",,,"CAN$ 8,567.00",,,"CAN$ 18,917.00",,,,"CAN$ 3,990.00",,,,,,,,,,,"CAN$ 8,567.00",,,,"CAN$ 18,917.00",,,,,,,,,,,,,,"CAN$ 13,818.00",,"CAN$ 13,818.00","CAN$ 8,566.00",,,,,"CAN$ 13,818.00",,,,No,No,No,No,
LIGUE DE CADETS DE L'AIR DU CANADA - Escadron 226 Trois-Rivières,123613523RR0037,https://apps.cra-arc.gc.ca/ebci/hacc/srch/pub/dsplyRprtngPrd?q.srchNm=cadets&selectedCharityBn=123613523RR0037&dsrdPg=1,No,No,No,Yes,No,No,,,No,,No,No,No,No,Cash,No,,,,,,,,,,,,,"CAN$ 10,253.00",,,,,,,No,,,,,CAN$ 950.00,Yes,"CAN$ 3,254.00",,,"CAN$ 4,592.00",CAN$ 25.00,CAN$ 224.00,"CAN$ 9,045.00",,,,CAN$ 950.00,,,,,,,,,,,"CAN$ 4,592.00",CAN$ 25.00,CAN$ 224.00,,"CAN$ 9,045.00",,,,,,,,,,,,,,"CAN$ 10,796.00",,"CAN$ 10,796.00","CAN$ 7,607.00","CAN$ 3,189.00",,,,"CAN$ 10,796.00",,,,No,No,No,No,
LIGUE DE CADETS DE L'AIR DU CANADA - Escadron 500 Outaouais,123613523RR0043,https://apps.cra-arc.gc.ca/ebci/hacc/srch/pub/dsplyRprtngPrd?q.srchNm=cadets&selectedCharityBn=123613523RR0043&dsrdPg=1,,No,No,,No,No,No,,No,,No,No,No,No,Cash,,,,,,,,,,,,,,,,,,,,,,,,,,,,,,,,,,,,,,,,,,,,,,,,,,,,,,,,,,,,,,,,,,,,,,,,,,,,,,,No,No,No,No,
LIGUE DE CADETS DE L'AIR DU CANADA - Escadron 564 Blériot,123613523RR0042,https://apps.cra-arc.gc.ca/ebci/hacc/srch/pub/dsplyRprtngPrd?q.srchNm=cadets&selectedCharityBn=123613523RR0042&dsrdPg=1,Yes,No,No,Yes,No,No,No,,No,,No,No,No,Yes,Cash,No,,,,,,,,,,,,,"CAN$ 21,364.00",,,,,,,No,Yes,"CAN$ 3,214.00",,,"CAN$ 2,608.00",Yes,"CAN$ 13,760.00",,,"CAN$ 8,820.00",,CAN$ 55.00,"CAN$ 28,457.00",,,,"CAN$ 2,608.00",,,,,,,,,,,"CAN$ 8,820.00",,CAN$ 55.00,,"CAN$ 28,457.00",,,,,,,,,,,,,,"CAN$ 27,941.00",,"CAN$ 27,941.00","CAN$ 24,463.00",,,,,"CAN$ 27,941.00",,,,No,No,No,No,
LIGUE DE CADETS DE L'AIR DU CANADA - Escadron 636 Rouyn-Noranda,123613523RR0036,https://apps.cra-arc.gc.ca/ebci/hacc/srch/pub/dsplyRprtngPrd?q.srchNm=cadets&selectedCharityBn=123613523RR0036&dsrdPg=1,No,No,No,Yes,No,No,No,,No,,No,No,No,No,Cash,No,,,,,,,,,,,,,"CAN$ 21,517.00",,,,,,,No,No,,,,CAN$ 500.00,Yes,"CAN$ 9,103.00",,,"CAN$ 10,074.00",,"CAN$ 1,088.00","CAN$ 20,765.00",,,,CAN$ 500.00,,,,,,,,,,,"CAN$ 10,074.00",,"CAN$ 1,088.00",,"CAN$ 20,765.00",,CAN$ 267.00,,,,,,,,,,,,"CAN$ 25,015.00",,"CAN$ 25,282.00","CAN$ 21,328.00","CAN$ 3,954.00",,,,"CAN$ 25,282.00",,,,No,No,No,No,
LIGUE DE CADETS DE L'AIR DU CANADA - Escadron 643 St-Hubert,123613523RR0040,https://apps.cra-arc.gc.ca/ebci/hacc/srch/pub/dsplyRprtngPrd?q.srchNm=cadets&selectedCharityBn=123613523RR0040&dsrdPg=1,Yes,No,No,Yes,No,No,No,,No,,No,No,No,No,Cash,,,,,,,,,,,,,,,,,,,,,,,,,,,,,,,,,,,,,,,,,,,,,,,,,,,,,,,,,,,,,,,,,,,,,,,,,,,,,,,No,No,No,No,
LIGUE DE CADETS DE L'AIR DU CANADA - Escadron 657 Saguenay,123613523RR0049,https://apps.cra-arc.gc.ca/ebci/hacc/srch/pub/dsplyRprtngPrd?q.srchNm=cadets&selectedCharityBn=123613523RR0049&dsrdPg=1,No,No,No,Yes,No,No,,,No,,No,No,No,No,Cash,No,,,,,,,,,,,,,"CAN$ 7,442.00",,,,,,,,,,,,"CAN$ 1,147.00",Yes,"CAN$ 18,018.00",,,"CAN$ 10,500.00",,"CAN$ 1,789.00","CAN$ 31,454.00",,,,"CAN$ 1,147.00",,,,,,,,,,,"CAN$ 10,500.00",,"CAN$ 1,789.00",,"CAN$ 31,454.00",,,,,,,,,,,,,,"CAN$ 28,245.00",,"CAN$ 28,245.00","CAN$ 22,036.00","CAN$ 6,209.00",,,,"CAN$ 28,245.00",,,,No,No,No,No,
LIGUE DE CADETS DE L'AIR DU CANADA - Escadron 739 Mont-Laurier,123613523RR0050,https://apps.cra-arc.gc.ca/ebci/hacc/srch/pub/dsplyRprtngPrd?q.srchNm=cadets&selectedCharityBn=123613523RR0050&dsrdPg=1,No,No,No,Yes,No,No,No,,No,,No,No,No,No,Accrual,,,,,,,,,,,,,,,,,,,,,,,,,,,,,,,,,,,,,,,,,,,,,,,,,,,,,,,,,,,,,,,,,,,,,,,,,,,,,,,No,No,No,No,
LIGUE DE CADETS DE L'AIR DU CANADA - Escadron 766 Optimiste Roberval,123613523RR0038,https://apps.cra-arc.gc.ca/ebci/hacc/srch/pub/dsplyRprtngPrd?q.srchNm=cadets&selectedCharityBn=123613523RR0038&dsrdPg=1,No,No,No,Yes,No,No,,,No,,No,No,No,No,Cash,No,,,,,,,,,,,,,"CAN$ 4,854.00",,,,,,,No,No,,,,,Yes,"CAN$ 3,179.00",,,"CAN$ 5,772.00",,,"CAN$ 8,951.00",,,,,,,,,,,,,,,"CAN$ 5,772.00",,,,"CAN$ 8,951.00",,,,,,,,,,,,,,"CAN$ 8,872.00",,"CAN$ 8,872.00","CAN$ 7,022.00","CAN$ 1,850.00",,,,"CAN$ 8,872.00",,,,No,No,No,No,
LIGUE DE CADETS DE L'AIR DU CANADA - Escadron 775 Kiwanis Thetford Mines,123613523RR0045,https://apps.cra-arc.gc.ca/ebci/hacc/srch/pub/dsplyRprtngPrd?q.srchNm=cadets&selectedCharityBn=123613523RR0045&dsrdPg=1,Yes,No,No,Yes,No,No,No,,No,,No,No,No,No,Accrual,No,,,,,,,,,,,,,"CAN$ 17,509.00",,,,,,,No,Yes,CAN$ 200.00,,,"CAN$ 4,000.00",Yes,"CAN$ 12,856.00",,CAN$ 180.00,"CAN$ 15,937.00",,"CAN$ 1,456.00","CAN$ 34,629.00",,,,"CAN$ 4,000.00",,,,,CAN$ 180.00,,,,,,"CAN$ 15,937.00",,"CAN$ 1,456.00",,"CAN$ 34,629.00",,CAN$ 920.00,,,,,,,,,,,,"CAN$ 28,337.00",,"CAN$ 29,527.00","CAN$ 21,163.00",,,,,"CAN$ 29,257.00",,,,No,No,No,No,
LIGUE DE CADETS DE L'AIR DU CANADA - Escadron 784 Optimiste St-Vincent-de-Paul,123613523RR0051,https://apps.cra-arc.gc.ca/ebci/hacc/srch/pub/dsplyRprtngPrd?q.srchNm=cadets&selectedCharityBn=123613523RR0051&dsrdPg=1,,,,,,,,,,,,,,,,,,,,,,,,,,,,,,,,,,,,,,,,,,,,,,,,,,,,,,,,,,,,,,,,,,,,,,,,,,,,,,,,,,,,,,,,,,,,,,,,,,
LIGUE DE CADETS DE L'AIR DU CANADA - Escadron 806 Ste-Thérese,123613523RR0047,https://apps.cra-arc.gc.ca/ebci/hacc/srch/pub/dsplyRprtngPrd?q.srchNm=cadets&selectedCharityBn=123613523RR0047&dsrdPg=1,Yes,No,No,Yes,No,No,No,,No,,No,No,No,No,Accrual,No,,,,,,,,,,,,,"CAN$ 14,542.00",,,,,,,,No,,,,,Yes,"CAN$ 8,154.00",,,"CAN$ 21,136.00",,"CAN$ 3,853.00","CAN$ 33,143.00",,,,,,,,,,,,,,,"CAN$ 21,136.00",,"CAN$ 3,853.00",,"CAN$ 33,143.00",,,,,,,,,,,,,,"CAN$ 39,481.00",,"CAN$ 39,481.00","CAN$ 8,500.00",,,,,"CAN$ 39,481.00",,,,No,No,No,No,
LIGUE DE CADETS DE L'AIR DU CANADA - Escadron 921 Ancienne-Lorette,123613523RR0061,https://apps.cra-arc.gc.ca/ebci/hacc/srch/pub/dsplyRprtngPrd?q.srchNm=cadets&selectedCharityBn=123613523RR0061&dsrdPg=1,No,No,No,Yes,No,No,No,,No,,No,No,No,No,Cash,No,,,,,,,,,,,,,"CAN$ 27,127.00",,,,,,,No,Yes,"CAN$ 5,047.00",,,"CAN$ 1,500.00",Yes,"CAN$ 9,688.00",,,"CAN$ 18,250.00",,CAN$ 643.00,"CAN$ 35,128.00",,,,"CAN$ 1,500.00",,,,,,,,,,,"CAN$ 18,250.00",,CAN$ 643.00,,"CAN$ 35,128.00",,"CAN$ 6,518.00",,,,,,,,,,,,"CAN$ 21,107.00",,"CAN$ 27,625.00","CAN$ 19,563.00",,,,,"CAN$ 27,625.00",,,,No,No,No,No,
"LIGUE DE CADETS DE L'AIR DU CANADA - Escadron 96 Alouettes, Montréal",123613523RR0041,https://apps.cra-arc.gc.ca/ebci/hacc/srch/pub/dsplyRprtngPrd?q.srchNm=cadets&selectedCharityBn=123613523RR0041&dsrdPg=1,No,No,No,Yes,No,No,,,No,,No,No,No,No,Accrual,,,,,,,,,,,,,,,,,,,,,,,,,,,,,,,,,,,,,,,,,,,,,,,,,,,,,,,,,,,,,,,,,,,,,,,,,,,,,,,No,No,No,No,
LIGUE DE CADETS DE L'AIR DU CANADA - ESCADRON 811-LAPRAIRIE,123613523RR0020,https://apps.cra-arc.gc.ca/ebci/hacc/srch/pub/dsplyRprtngPrd?q.srchNm=cadets&selectedCharityBn=123613523RR0020&dsrdPg=1,No,No,No,Yes,No,No,No,,No,,No,No,No,No,Cash,No,,,,,,,,,,,,,"CAN$ 29,897.00",,,,,,,No,Yes,CAN$ 520.00,,,"CAN$ 6,500.00",Yes,"CAN$ 9,628.00",,,"CAN$ 7,571.00",,"CAN$ 1,235.00","CAN$ 25,454.00",,,,"CAN$ 6,500.00",,,,,,,,,,,"CAN$ 7,571.00",,"CAN$ 1,235.00",,"CAN$ 25,454.00",,"CAN$ 3,529.00",,,,,,,,,,,,"CAN$ 23,096.00",,"CAN$ 26,625.00","CAN$ 24,025.00","CAN$ 2,600.00",,,,"CAN$ 26,625.00",,,,No,No,No,No,
LIGUE DE CADETS DE L'AIR DU CANADA ESCADRON 839 LIONS CHIBOUGAMAU,123613523RR0022,https://apps.cra-arc.gc.ca/ebci/hacc/srch/pub/dsplyRprtngPrd?q.srchNm=cadets&selectedCharityBn=123613523RR0022&dsrdPg=1,Yes,No,No,Yes,No,No,No,,No,,No,No,No,No,Cash,No,,,,,,,,,,,,,"CAN$ 9,150.00",,,,,,,No,No,,,,"CAN$ 5,500.00",Yes,"CAN$ 4,009.00",,,"CAN$ 4,022.00",,,"CAN$ 13,531.00",,,,"CAN$ 5,500.00",,,,,,,,,,,"CAN$ 4,022.00",,,,"CAN$ 13,531.00",,,,,,,,,,,,,,"CAN$ 15,128.00",,"CAN$ 15,128.00","CAN$ 12,550.00",,,,,"CAN$ 15,128.00",,,,No,No,No,No,
"LIGUE DE CADETS DE L'AIR DU CANADA, ESCADRON 785, ST-EUSTACH",125593657RR0166,https://apps.cra-arc.gc.ca/ebci/hacc/srch/pub/dsplyRprtngPrd?q.srchNm=cadets&selectedCharityBn=125593657RR0166&dsrdPg=1,,,,,,,,,,,,,,,,,,,,,,,,,,,,,,,,,,,,,,,,,,,,,,,,,,,,,,,,,,,,,,,,,,,,,,,,,,,,,,,,,,,,,,,,,,,,,,,,,,
"LIGUE DE CADETS DE L'AIR DU CANADA, ESCADRON 853 LIONS MONTMAGNY",891080541RR0001,https://apps.cra-arc.gc.ca/ebci/hacc/srch/pub/dsplyRprtngPrd?q.srchNm=cadets&selectedCharityBn=891080541RR0001&dsrdPg=1,,,,,,,,,,,,,,,,,,,,,,,,,,,,,,,,,,,,,,,,,,,,,,,,,,,,,,,,,,,,,,,,,,,,,,,,,,,,,,,,,,,,,,,,,,,,,,,,,,
"LIGUE DE CADETS DE L'AIR DU CANADA, ESCADRON 999 OPTIMISTE SAINTE-CATHERINE",125593657RR0115,https://apps.cra-arc.gc.ca/ebci/hacc/srch/pub/dsplyRprtngPrd?q.srchNm=cadets&selectedCharityBn=125593657RR0115&dsrdPg=1,,,,,,,,,,,,,,,,,,,,,,,,,,,,,,,,,,,,,,,,,,,,,,,,,,,,,,,,,,,,,,,,,,,,,,,,,,,,,,,,,,,,,,,,,,,,,,,,,,
LIGUE DES CADETS DE L'AIR DU CANADA (QUÉBEC ET VALLÉE DE L'OUTAOUAIS) / AIR CADET LEAGUE OF CANADA (QUÉBEC AND VALLÉE DE L'OUTAOUAIS),123613523RR0009,https://apps.cra-arc.gc.ca/ebci/hacc/srch/pub/dsplyRprtngPrd?q.srchNm=cadets&selectedCharityBn=123613523RR0009&dsrdPg=1,Yes,No,No,Yes,No,No,,,No,,No,Yes,No,No,Accrual,,,,,,,,,,,,,,,,,,,,,,,,,,,,,,,,,,,,,,,,,,,,,,,,,,,,,,,,,,,,,,,,,,,,,,,,,,,,,,,No,No,No,No,
LIGUE DES CADETS DE L'AIR DU CANADA - Amicale Escadron 867 Vaudreuil-Dorion,123613523RR0065,https://apps.cra-arc.gc.ca/ebci/hacc/srch/pub/dsplyRprtngPrd?q.srchNm=cadets&selectedCharityBn=123613523RR0065&dsrdPg=1,No,No,No,Yes,No,No,No,,No,,No,No,No,No,Cash,No,,,,,,,,,,,,,"CAN$ 125,572.00",,,,,,,,Yes,"CAN$ 1,000.00",,,"CAN$ 1,200.00",Yes,"CAN$ 23,680.00",,,"CAN$ 28,810.00","CAN$ 2,500.00","CAN$ 8,572.00","CAN$ 62,764.00",,,,"CAN$ 1,200.00",,,,,,,,,,,"CAN$ 28,810.00","CAN$ 2,500.00","CAN$ 8,572.00",,"CAN$ 62,764.00",,,,,,,,,,,,,,"CAN$ 58,516.00",,"CAN$ 58,516.00","CAN$ 40,193.00",,,,,"CAN$ 58,516.00",,,,No,No,No,No,
LIGUE DES CADETS DE L'AIR DU CANADA - Escadron 518 Rosemont,123613523RR0055,https://apps.cra-arc.gc.ca/ebci/hacc/srch/pub/dsplyRprtngPrd?q.srchNm=cadets&selectedCharityBn=123613523RR0055&dsrdPg=1,Yes,No,No,Yes,No,No,No,,No,,No,No,No,No,,,,,,,,,,,,,,,,,,,,,,,,,,,,,,,,,,,,,,,,,,,,,,,,,,,,,,,,,,,,,,,,,,,,,,,,,,,,,,,,No,No,No,No,
LIGUE DES CADETS DE L'AIR DU CANADA - Escadron 613 St-Jean-Iberville,123613523RR0067,https://apps.cra-arc.gc.ca/ebci/hacc/srch/pub/dsplyRprtngPrd?q.srchNm=cadets&selectedCharityBn=123613523RR0067&dsrdPg=1,No,No,No,Yes,No,No,,,No,,No,No,No,No,,,,,,,,,,,,,,,,,,,,,,,,,,,,,,,,,,,,,,,,,,,,,,,,,,,,,,,,,,,,,,,,,,,,,,,,,,,,,,,,No,No,No,No,
LIGUE DES CADETS DE L'AIR DU CANADA - Escadron 660 DES Mille-Îles,123613523RR0052,https://apps.cra-arc.gc.ca/ebci/hacc/srch/pub/dsplyRprtngPrd?q.srchNm=cadets&selectedCharityBn=123613523RR0052&dsrdPg=1,Yes,No,No,Yes,No,No,,,No,,No,No,No,No,Cash,No,,,,,,,,,,,,,"CAN$ 10,443.00",,,,,,,No,,,,,"CAN$ 2,000.00",Yes,"CAN$ 12,698.00",,,"CAN$ 19,335.00",,,"CAN$ 34,033.00",,,,"CAN$ 2,000.00",,,,,,,,,,,"CAN$ 19,335.00",,,,"CAN$ 34,033.00",,,,,,,,,,,,,,"CAN$ 31,309.00",,"CAN$ 31,309.00","CAN$ 31,309.00",,,,,"CAN$ 31,309.00",,,,No,No,No,No,
LIGUE DES CADETS DE L'AIR DU CANADA - Escadron 687 Laval-des-Rapides,123613523RR0060,https://apps.cra-arc.gc.ca/ebci/hacc/srch/pub/dsplyRprtngPrd?q.srchNm=cadets&selectedCharityBn=123613523RR0060&dsrdPg=1,No,No,No,Yes,No,No,No,,No,,No,No,No,No,Accrual,,,,,,,,,,,,,,,,,,,,,,,,,,,,,,,,,,,,,,,,,,,,,,,,,,,,,,,,,,,,,,,,,,,,,,,,,,,,,,,No,No,No,No,
LIGUE DES CADETS DE L'AIR DU CANADA - Escadron 697 Rotary-Rimouski,123613523RR0063,https://apps.cra-arc.gc.ca/ebci/hacc/srch/pub/dsplyRprtngPrd?q.srchNm=cadets&selectedCharityBn=123613523RR0063&dsrdPg=1,Yes,No,No,Yes,No,No,No,,No,,No,No,No,No,Cash,No,,,,,,,,,,,,,"CAN$ 30,328.00",,,,,,,No,No,,,,"CAN$ 11,450.00",Yes,"CAN$ 7,706.00",,,"CAN$ 8,719.00",,CAN$ 800.00,"CAN$ 28,676.00",,,,"CAN$ 11,450.00",,,,,,,,,,,"CAN$ 8,719.00",,CAN$ 800.00,,"CAN$ 28,676.00",,,,,,,,,,,,,,"CAN$ 33,381.00",,"CAN$ 33,381.00","CAN$ 28,161.00",,,,,"CAN$ 33,381.00",,,,No,No,No,No,
LIGUE DES CADETS DE L'AIR DU CANADA - Escadron 710 Ste-Rose,123613523RR0057,https://apps.cra-arc.gc.ca/ebci/hacc/srch/pub/dsplyRprtngPrd?q.srchNm=cadets&selectedCharityBn=123613523RR0057&dsrdPg=1,No,No,No,Yes,No,No,,,No,,No,No,No,No,Accrual,,,,,,,,,,,,,,,,,,,,,,,,,,,,,,,,,,,,,,,,,,,,,,,,,,,,,,,,,,,,,,,,,,,,,,,,,,,,,,,No,No,No,No,
"LIGUE DES CADETS DE L'AIR DU CANADA - Escadron 711 Pierre-Boucher, Boucherville",123613523RR0062,https://apps.cra-arc.gc.ca/ebci/hacc/srch/pub/dsplyRprtngPrd?q.srchNm=cadets&selectedCharityBn=123613523RR0062&dsrdPg=1,Yes,No,No,Yes,No,No,No,,No,,No,No,No,No,Cash,No,,,,,,,,,,,,,"CAN$ 4,058.00",,,,,,CAN$ 0.00,No,No,,,,"CAN$ 4,650.00",Yes,"CAN$ 7,464.00",CAN$ 0.00,CAN$ 0.00,"CAN$ 11,761.00",CAN$ 0.00,CAN$ 265.00,"CAN$ 24,140.00",,,,"CAN$ 4,650.00",,,,CAN$ 0.00,CAN$ 0.00,,,,,,"CAN$ 11,761.00",CAN$ 0.00,CAN$ 265.00,,"CAN$ 24,140.00",,CAN$ 0.00,,,,,CAN$ 0.00,,,,,,,"CAN$ 25,443.00",,"CAN$ 25,443.00","CAN$ 17,639.00","CAN$ 7,804.00",,,CAN$ 0.00,"CAN$ 25,443.00",,,,No,No,No,No,
LIGUE DES CADETS DE L'AIR DU CANADA - Escadron 749 Liberator Harry,123613523RR0070,https://apps.cra-arc.gc.ca/ebci/hacc/srch/pub/dsplyRprtngPrd?q.srchNm=cadets&selectedCharityBn=123613523RR0070&dsrdPg=1,,,,,,,,,,,,,,,,,,,,,,,,,,,,,,,,,,,,,,,,,,,,,,,,,,,,,,,,,,,,,,,,,,,,,,,,,,,,,,,,,,,,,,,,,,,,,,,,,,
LIGUE DES CADETS DE L'AIR DU CANADA - Escadron 757 OptimisteMascouche,123613523RR0046,https://apps.cra-arc.gc.ca/ebci/hacc/srch/pub/dsplyRprtngPrd?q.srchNm=cadets&selectedCharityBn=123613523RR0046&dsrdPg=1,Yes,No,No,,No,No,No,,No,,No,No,No,No,Cash,No,,,,,,,,,,,,,"CAN$ 18,973.00",,,,,,,No,No,,,,CAN$ 650.00,Yes,"CAN$ 22,020.00",,,"CAN$ 33,449.00",,CAN$ 939.00,"CAN$ 57,060.00",,,,CAN$ 650.00,,,,,,,,,,,"CAN$ 33,449.00",,CAN$ 939.00,,"CAN$ 57,060.00",,,,,,,,,,,,,,"CAN$ 55,811.00",,"CAN$ 55,811.00","CAN$ 35,032.00",,,,,"CAN$ 55,811.00",,,,No,No,No,No,
LIGUE DES CADETS DE L'AIR DU CANADA - Escadron 776 Lions-Lévis,123613523RR0064,https://apps.cra-arc.gc.ca/ebci/hacc/srch/pub/dsplyRprtngPrd?q.srchNm=cadets&selectedCharityBn=123613523RR0064&dsrdPg=1,No,No,No,Yes,No,No,No,,No,,No,No,No,No,Cash,No,,,,,,,,,,,,,"CAN$ 31,191.00",,,,,,,No,Yes,"CAN$ 5,858.00",,,"CAN$ 4,638.00",Yes,"CAN$ 12,624.00",,,"CAN$ 7,139.00",,CAN$ 506.00,"CAN$ 30,765.00",,,,"CAN$ 4,638.00",,,,,,,,,,,"CAN$ 7,139.00",,CAN$ 506.00,,"CAN$ 30,765.00",,"CAN$ 5,858.00",,,,,,,,,,,,"CAN$ 28,795.00",,"CAN$ 34,653.00","CAN$ 29,862.00",,,,,"CAN$ 34,653.00",,,,No,No,No,No,
LIGUE DES CADETS DE L'AIR DU CANADA - Escadron 783 Roussillon,123613523RR0054,https://apps.cra-arc.gc.ca/ebci/hacc/srch/pub/dsplyRprtngPrd?q.srchNm=cadets&selectedCharityBn=123613523RR0054&dsrdPg=1,No,No,No,Yes,No,No,,,No,,No,No,No,No,Cash,No,,,,,,,,,,,,,"CAN$ 17,336.00",,,,,,,No,Yes,,,,"CAN$ 1,908.00",Yes,"CAN$ 12,583.00",,,"CAN$ 13,117.00",,,"CAN$ 27,608.00",,,,"CAN$ 1,908.00",,,,,,,,,,,"CAN$ 13,117.00",,,,"CAN$ 27,608.00",,,,,,,,,,,,,,"CAN$ 27,603.00",,"CAN$ 27,603.00",,,,,,"CAN$ 27,603.00",,,,No,No,No,No,
LIGUE DES CADETS DE L'AIR DU CANADA - Escadron 796 Lasalle Légion,123613523RR0059,https://apps.cra-arc.gc.ca/ebci/hacc/srch/pub/dsplyRprtngPrd?q.srchNm=cadets&selectedCharityBn=123613523RR0059&dsrdPg=1,Yes,No,No,Yes,No,No,No,,No,,No,No,No,No,Cash,No,,,,,,,,,,,,,"CAN$ 19,608.00",,,,,,,No,No,,,,"CAN$ 5,316.00",Yes,"CAN$ 10,462.00",,,"CAN$ 12,126.00",,"CAN$ 2,171.00","CAN$ 31,076.00",,,,"CAN$ 5,316.00",,,,,,,,,,,"CAN$ 12,126.00",,"CAN$ 2,171.00",,"CAN$ 31,076.00",,,,,,,,,,,,,,"CAN$ 21,250.00",,"CAN$ 21,250.00","CAN$ 15,325.00",,,,,"CAN$ 21,250.00",,,,No,No,No,No,
LIGUE DES CADETS DE L'AIR DU CANADA - Escadron 830 Pierrefonds,123613523RR0058,https://apps.cra-arc.gc.ca/ebci/hacc/srch/pub/dsplyRprtngPrd?q.srchNm=cadets&selectedCharityBn=123613523RR0058&dsrdPg=1,Yes,No,No,Yes,No,No,No,,No,,No,No,No,No,Cash,,,,,,,,,,,,,,"CAN$ 6,747.00",,,,,,,No,No,,,,CAN$ 531.00,Yes,"CAN$ 9,973.00",,,"CAN$ 17,002.00",,,"CAN$ 27,506.00",,,,CAN$ 531.00,,,,,,,,,,,"CAN$ 17,002.00",,,,"CAN$ 27,506.00",,,,,,,,,,,,,,"CAN$ 29,925.00",,"CAN$ 29,925.00","CAN$ 20,925.00",,,,,"CAN$ 29,925.00",,,,No,No,No,No,
LIGUE DES CADETS DE L'AIR DU CANADA - Escadron 894 Charlebourg,123613523RR0048,https://apps.cra-arc.gc.ca/ebci/hacc/srch/pub/dsplyRprtngPrd?q.srchNm=cadets&selectedCharityBn=123613523RR0048&dsrdPg=1,No,No,No,Yes,No,No,No,,No,,No,No,No,No,Cash,,,,,,,,,,,,,,,,,,,,,,,,,,,,,,,,,,,,,,,,,,,,,,,,,,,,,,,,,,,,,,,,,,,,,,,,,,,,,,,No,No,No,No,
LIGUE DES CADETS DE L'AIR DU CANADA - Escadron 898 OptimisteChamplain Brossard,123613523RR0044,https://apps.cra-arc.gc.ca/ebci/hacc/srch/pub/dsplyRprtngPrd?q.srchNm=cadets&selectedCharityBn=123613523RR0044&dsrdPg=1,No,No,No,Yes,Yes,No,No,,No,,No,No,No,Yes,Cash,No,,,,,,,,,,,,,"CAN$ 8,407.00",,,,,,,No,No,,,,"CAN$ 7,000.00",Yes,"CAN$ 13,890.00",,,"CAN$ 19,982.00",,CAN$ 260.00,"CAN$ 41,132.00",,,,"CAN$ 7,000.00",,,,,,,,,,,"CAN$ 19,982.00",,CAN$ 260.00,,"CAN$ 41,132.00",,,,,,,,,,,,,,"CAN$ 38,804.00",,"CAN$ 38,804.00","CAN$ 27,880.00",,,,,"CAN$ 38,804.00",,,,No,No,No,No,
LIGUE DES CADETS DE L'AIR DU CANADA - Escadron 911 Magog-Orford,123613523RR0068,https://apps.cra-arc.gc.ca/ebci/hacc/srch/pub/dsplyRprtngPrd?q.srchNm=cadets&selectedCharityBn=123613523RR0068&dsrdPg=1,No,No,No,Yes,No,No,No,,No,,No,No,No,No,Cash,No,,,,,,,,,,,,,"CAN$ 9,671.00",,,,,,,No,No,,,"CAN$ 2,490.00",,Yes,"CAN$ 4,088.00",,,"CAN$ 3,514.00",,,"CAN$ 10,092.00",,,"CAN$ 2,490.00",,,,,,,,,,,,"CAN$ 3,514.00",,,,"CAN$ 10,092.00",,,,,,,,,,,,,,"CAN$ 6,996.00",,"CAN$ 6,996.00","CAN$ 6,996.00",,,,,"CAN$ 6,996.00",,,,No,No,No,No,
LIGUE DES CADETS DE L'AIR DU CANADA - ESCADRON 801 MONTREAL NORD,888897147RR0001,https://apps.cra-arc.gc.ca/ebci/hacc/srch/pub/dsplyRprtngPrd?q.srchNm=cadets&selectedCharityBn=888897147RR0001&dsrdPg=1,,,,,,,,,,,,,,,,,,,,,,,,,,,,,,,,,,,,,,,,,,,,,,,,,,,,,,,,,,,,,,,,,,,,,,,,,,,,,,,,,,,,,,,,,,,,,,,,,,
LIGUE DES CADETS DE L'AIR DU CANADA Escadron 550 Chevaliers de Colomb conseil 2814 Donnacona,123613523RR0066,https://apps.cra-arc.gc.ca/ebci/hacc/srch/pub/dsplyRprtngPrd?q.srchNm=cadets&selectedCharityBn=123613523RR0066&dsrdPg=1,,No,No,Yes,No,No,No,,No,,No,No,No,No,Cash,No,,,,,,,,,,,,,CAN$ 859.00,,,,,,,No,No,,,,CAN$ 423.00,Yes,"CAN$ 1,531.00",,,"CAN$ 6,926.00",,CAN$ 200.00,"CAN$ 9,080.00",,,,CAN$ 423.00,,,,,,,,,,,"CAN$ 6,926.00",,CAN$ 200.00,,"CAN$ 9,080.00",,,,,,,,,,,,,,"CAN$ 9,360.00",,"CAN$ 9,360.00","CAN$ 5,705.00",,,,,"CAN$ 9,360.00",,,,No,No,No,No,
LIGUE DES CADETS DE L'AIR DU CANADA ESCADRON 648 LACHUTE,123613523RR0021,https://apps.cra-arc.gc.ca/ebci/hacc/srch/pub/dsplyRprtngPrd?q.srchNm=cadets&selectedCharityBn=123613523RR0021&dsrdPg=1,,,,,,,,,,,,,,,,,,,,,,,,,,,,,,,,,,,,,,,,,,,,,,,,,,,,,,,,,,,,,,,,,,,,,,,,,,,,,,,,,,,,,,,,,,,,,,,,,,
LIGUE DES CADETS DE L'AIR DU CANADA-ESCADRON 798-LAC ST-CHARLES,890882962RR0001,https://apps.cra-arc.gc.ca/ebci/hacc/srch/pub/dsplyRprtngPrd?q.srchNm=cadets&selectedCharityBn=890882962RR0001&dsrdPg=1,,,,,,,,,,,,,,,,,,,,,,,,,,,,,,,,,,,,,,,,,,,,,,,,,,,,,,,,,,,,,,,,,,,,,,,,,,,,,,,,,,,,,,,,,,,,,,,,,,
"LIGUE DES CADETS DE L'AIR DU CANADA, ESCADRON 629 KIWANIS-SILLERY",123613523RR0010,https://apps.cra-arc.gc.ca/ebci/hacc/srch/pub/dsplyRprtngPrd?q.srchNm=cadets&selectedCharityBn=123613523RR0010&dsrdPg=1,Yes,No,No,Yes,No,No,,,No,,No,No,No,No,Cash,No,,,,,,,,,,,,,"CAN$ 6,946.00",,,,,,,No,Yes,"CAN$ 16,114.00",,,CAN$ 68.00,Yes,"CAN$ 14,195.00",,,"CAN$ 17,237.00",,CAN$ 574.00,"CAN$ 48,188.00",,,,CAN$ 68.00,,,,,,,,,,,"CAN$ 17,237.00",,CAN$ 574.00,,"CAN$ 48,188.00",,,,,,,,,,,,,,"CAN$ 46,396.00",,"CAN$ 46,396.00","CAN$ 34,853.00",,,,,"CAN$ 46,396.00",,,,No,No,No,No,
"LIGUE DES CADETS DE L'AIR DU CANADA, ESCADRON 629 MALVERN, QUEBEC",125593657RR0110,https://apps.cra-arc.gc.ca/ebci/hacc/srch/pub/dsplyRprtngPrd?q.srchNm=cadets&selectedCharityBn=125593657RR0110&dsrdPg=1,,,,,,,,,,,,,,,,,,,,,,,,,,,,,,,,,,,,,,,,,,,,,,,,,,,,,,,,,,,,,,,,,,,,,,,,,,,,,,,,,,,,,,,,,,,,,,,,,,
"LIGUE DES CADETS DE L'AIR DU CANADA, ESCADRON 804 ALMA",891188344RR0001,https://apps.cra-arc.gc.ca/ebci/hacc/srch/pub/dsplyRprtngPrd?q.srchNm=cadets&selectedCharityBn=891188344RR0001&dsrdPg=1,No,No,No,Yes,No,No,,,No,,No,No,No,No,,,,,,,,,,,,,,,"CAN$ 2,674.00",,,,,,,No,Yes,"CAN$ 7,287.00",,,"CAN$ 5,295.00",Yes,"CAN$ 23,597.00",,,"CAN$ 27,538.00",,"CAN$ 3,247.00","CAN$ 66,965.00",,,,"CAN$ 5,295.00",,,,,,,,,,,"CAN$ 27,538.00",,"CAN$ 3,247.00",,"CAN$ 66,965.00",,"CAN$ 1,540.00",,,,,,,,,,,,"CAN$ 70,264.00",,"CAN$ 71,804.00","CAN$ 48,632.00",,,,,"CAN$ 71,804.00",,,,No,No,No,No,
"LIGUE DES CADETS DE L'AIR DU CANADA, ESCADRON 92 ST-HONORE",123613523RR0013,https://apps.cra-arc.gc.ca/ebci/hacc/srch/pub/dsplyRprtngPrd?q.srchNm=cadets&selectedCharityBn=123613523RR0013&dsrdPg=1,No,No,No,Yes,No,No,No,,No,,No,No,No,No,,,,,,,,,,,,,,,,,,,,,,,,,,,,,,,,,,,,,,,,,,,,,,,,,,,,,,,,,,,,,,,,,,,,,,,,,,,,,,,,No,No,No,No,
"LIGUE DES CADETS DE L'AIR DU CANADA, ESQUADRON 682 LAURENTIDes",890746795RR0001,https://apps.cra-arc.gc.ca/ebci/hacc/srch/pub/dsplyRprtngPrd?q.srchNm=cadets&selectedCharityBn=890746795RR0001&dsrdPg=1,,,,,,,,,,,,,,,,,,,,,,,,,,,,,,,,,,,,,,,,,,,,,,,,,,,,,,,,,,,,,,,,,,,,,,,,,,,,,,,,,,,,,,,,,,,,,,,,,,
"LIGUE DES CADETS DE L'AIR DU CANADA,ESCADRON 884 MALARTIC",123613523RR0018,https://apps.cra-arc.gc.ca/ebci/hacc/srch/pub/dsplyRprtngPrd?q.srchNm=cadets&selectedCharityBn=123613523RR0018&dsrdPg=1,Yes,No,No,Yes,No,No,,,No,,No,No,No,No,Cash,No,,,,,,,,,,,,,"CAN$ 26,207.00",,,,,,,No,Yes,CAN$ 54.00,,,CAN$ 806.00,Yes,"CAN$ 12,296.00",,,"CAN$ 11,926.00",,CAN$ 400.00,"CAN$ 25,482.00",,,,CAN$ 806.00,,,,,,,,,,,"CAN$ 11,926.00",,CAN$ 400.00,,"CAN$ 25,482.00",,,,,,,,,,,,,,"CAN$ 22,256.00",,"CAN$ 22,256.00","CAN$ 15,265.00",,,,,"CAN$ 22,256.00",,,,No,No,No,No,
LIGUE DES CADETS DE L'AIR ESCADRON 881 TRING-JONCTION,125593657RR0232,https://apps.cra-arc.gc.ca/ebci/hacc/srch/pub/dsplyRprtngPrd?q.srchNm=cadets&selectedCharityBn=125593657RR0232&dsrdPg=1,,,,,,,,,,,,,,,,,,,,,,,,,,,,,,,,,,,,,,,,,,,,,,,,,,,,,,,,,,,,,,,,,,,,,,,,,,,,,,,,,,,,,,,,,,,,,,,,,,
"LIGUE DES CADETS DE L'AIR, ECADRON 670 EAST ANGUS",892716168RR0001,https://apps.cra-arc.gc.ca/ebci/hacc/srch/pub/dsplyRprtngPrd?q.srchNm=cadets&selectedCharityBn=892716168RR0001&dsrdPg=1,,,,,,,,,,,,,,,,,,,,,,,,,,,,,,,,,,,,,,,,,,,,,,,,,,,,,,,,,,,,,,,,,,,,,,,,,,,,,,,,,,,,,,,,,,,,,,,,,,
MONTMARTRE ARMY CADETS INC,872978358RR0001,https://apps.cra-arc.gc.ca/ebci/hacc/srch/pub/dsplyRprtngPrd?q.srchNm=cadets&selectedCharityBn=872978358RR0001&dsrdPg=1,,,,,,,,,,,,,,,,,,,,,,,,,,,,,,,,,,,,,,,,,,,,,,,,,,,,,,,,,,,,,,,,,,,,,,,,,,,,,,,,,,,,,,,,,,,,,,,,,,
NIPAWIN AIR CADETS SQUADRON #190 INC,133564633RR0001,https://apps.cra-arc.gc.ca/ebci/hacc/srch/pub/dsplyRprtngPrd?q.srchNm=cadets&selectedCharityBn=133564633RR0001&dsrdPg=1,No,No,Yes,Yes,No,No,,,No,,No,No,No,No,Cash,No,,,,,,,,,,,,,"CAN$ 33,466.00",,,,,,,No,No,,,"CAN$ 4,000.00",CAN$ 150.00,Yes,"CAN$ 10,720.00",,,"CAN$ 7,683.00",,,"CAN$ 22,553.00",,,"CAN$ 4,000.00",CAN$ 150.00,,,,,,,,,,,"CAN$ 7,683.00",,,,"CAN$ 22,553.00",,"CAN$ 2,563.00",,,,,,,,,,,,"CAN$ 13,552.00",,"CAN$ 16,115.00",,,,,,"CAN$ 16,115.00",,,,No,No,No,No,
Royal Canadian Air Cadets 758 Argus Brampton Squadron (Sponsoring Committee),130387665RR0042,https://apps.cra-arc.gc.ca/ebci/hacc/srch/pub/dsplyRprtngPrd?q.srchNm=cadets&selectedCharityBn=130387665RR0042&dsrdPg=1,Yes,No,No,Yes,No,No,,,No,,No,No,No,No,Cash,,,,,,,,,,,,,,,,,,,,,,,,,,,,,,,,,,,,,,,,,,,,,,,,,,,,,,,,,,,,,,,,,,,,,,,,,,,,,,,No,No,No,No,
ROYAL CANADIAN AIR CADETS #862 SQUADRON,130387665RR0020,https://apps.cra-arc.gc.ca/ebci/hacc/srch/pub/dsplyRprtngPrd?q.srchNm=cadets&selectedCharityBn=130387665RR0020&dsrdPg=1,Yes,No,No,Yes,No,No,,,No,,No,No,No,No,,,,,,,,,,,,,,,,,,,,,,,,,,,,,,,,,,,,,,,,,,,,,,,,,,,,,,,,,,,,,,,,,,,,,,,,,,,,,,,,No,No,No,No,
ROYAL CANADIAN AIR CADETS CITY OF TRAIL SQUADRON 531,125593657RR0136,https://apps.cra-arc.gc.ca/ebci/hacc/srch/pub/dsplyRprtngPrd?q.srchNm=cadets&selectedCharityBn=125593657RR0136&dsrdPg=1,,,,,,,,,,,,,,,,,,,,,,,,,,,,,,,,,,,,,,,,,,,,,,,,,,,,,,,,,,,,,,,,,,,,,,,,,,,,,,,,,,,,,,,,,,,,,,,,,,
ROYAL CANADIAN AIR CADETS 102 (BARRIE SILVER FOX) SQUADRON,130387665RR0031,https://apps.cra-arc.gc.ca/ebci/hacc/srch/pub/dsplyRprtngPrd?q.srchNm=cadets&selectedCharityBn=130387665RR0031&dsrdPg=1,Yes,No,No,Yes,No,No,,,No,,No,No,No,No,,,,,,,,,,,,,,,"CAN$ 88,035.00",,,,,,,No,Yes,"CAN$ 1,000.00",,,"CAN$ 13,735.00",Yes,"CAN$ 14,041.00",,,"CAN$ 52,713.00",CAN$ 15.00,"CAN$ 6,592.00","CAN$ 88,096.00",,,,"CAN$ 13,735.00",,,,,,,,,,,"CAN$ 52,713.00",CAN$ 15.00,"CAN$ 6,592.00",,"CAN$ 88,096.00",,"CAN$ 1,844.00",,,,,,,,,,,,"CAN$ 134,684.00",,"CAN$ 136,528.00","CAN$ 136,528.00",,,,,"CAN$ 136,528.00",,,,No,No,No,No,
ROYAL CANADIAN AIR CADETS 132 SPITFIRE SQUADRON,130387665RR0037,https://apps.cra-arc.gc.ca/ebci/hacc/srch/pub/dsplyRprtngPrd?q.srchNm=cadets&selectedCharityBn=130387665RR0037&dsrdPg=1,No,No,No,Yes,No,No,,,No,,No,No,No,No,Cash,No,,,,,,,,,,,,,"CAN$ 48,703.00",,,,,,,No,No,,,,"CAN$ 21,544.00",Yes,"CAN$ 8,778.00",,,"CAN$ 21,505.00",,"CAN$ 4,044.00","CAN$ 55,872.00",,,,"CAN$ 21,544.00",,,,,,,,,,,"CAN$ 21,505.00",,"CAN$ 4,044.00",,"CAN$ 55,872.00",,,,,,,,,,,,,,"CAN$ 23,538.00",,"CAN$ 23,538.00","CAN$ 16,861.00",,,,,"CAN$ 23,538.00",,,,No,No,No,No,
ROYAL CANADIAN AIR CADETS 140 AURORA SQUADRON,130387665RR0038,https://apps.cra-arc.gc.ca/ebci/hacc/srch/pub/dsplyRprtngPrd?q.srchNm=cadets&selectedCharityBn=130387665RR0038&dsrdPg=1,Yes,No,No,Yes,Yes,No,No,,No,,No,No,No,No,Cash,No,,,,,,,,,,,,,"CAN$ 54,715.00",,,,,,,No,No,,,,"CAN$ 4,021.00",Yes,"CAN$ 14,177.00",,,"CAN$ 28,383.00",,"CAN$ 2,794.00","CAN$ 49,375.00",,,,"CAN$ 4,021.00",,,,,,,,,,,"CAN$ 28,383.00",,"CAN$ 2,794.00",,"CAN$ 49,375.00",,,,,,,,,,,,,,"CAN$ 46,682.00",,"CAN$ 46,682.00","CAN$ 32,830.00",,,,,"CAN$ 46,682.00",,,,No,No,No,No,
ROYAL CANADIAN AIR CADETS 142 MIMICO SQUADRON,125593657RR0169,https://apps.cra-arc.gc.ca/ebci/hacc/srch/pub/dsplyRprtngPrd?q.srchNm=cadets&selectedCharityBn=125593657RR0169&dsrdPg=1,,,,,,,,,,,,,,,,,,,,,,,,,,,,,,,,,,,,,,,,,,,,,,,,,,,,,,,,,,,,,,,,,,,,,,,,,,,,,,,,,,,,,,,,,,,,,,,,,,
ROYAL CANADIAN AIR CADETS 325 KIWANIS SQUADRON,130387665RR0041,https://apps.cra-arc.gc.ca/ebci/hacc/srch/pub/dsplyRprtngPrd?q.srchNm=cadets&selectedCharityBn=130387665RR0041&dsrdPg=1,No,No,No,Yes,No,No,,,No,,No,No,No,Yes,Accrual,,,,,,,,,,,,,,,,,,,,,,,,,,,,,,,,,,,,,,,,,,,,,,,,,,,,,,,,,,,,,,,,,,,,,,,,,,,,,,,No,No,No,No,
ROYAL CANADIAN AIR CADETS 530 KIWANIS SQUADRON,130387665RR0043,https://apps.cra-arc.gc.ca/ebci/hacc/srch/pub/dsplyRprtngPrd?q.srchNm=cadets&selectedCharityBn=130387665RR0043&dsrdPg=1,Yes,No,No,Yes,No,No,No,,No,,No,No,No,No,Cash,No,,,,,,,,,,,,,"CAN$ 59,164.00",,,,,,,No,No,,,,"CAN$ 11,018.00",Yes,"CAN$ 8,619.00",,,"CAN$ 44,752.00",,"CAN$ 5,235.00","CAN$ 69,624.00",,,,"CAN$ 11,018.00",,,,,,,,,,,"CAN$ 44,752.00",,"CAN$ 5,235.00",,"CAN$ 69,624.00",,,,,,,,,,,,,,"CAN$ 67,221.00",,"CAN$ 67,221.00",,,,,,"CAN$ 67,221.00",,,,No,No,No,No,
ROYAL CANADIAN AIR CADETS 826 GRYPHON SQUADRON SPONSORING COMMITTEE,889099347RR0001,https://apps.cra-arc.gc.ca/ebci/hacc/srch/pub/dsplyRprtngPrd?q.srchNm=cadets&selectedCharityBn=889099347RR0001&dsrdPg=1,No,No,No,Yes,No,No,,,No,,No,No,No,No,Cash,No,,,,,,,,,,,,,"CAN$ 27,522.00",,,,,,,,Yes,CAN$ 60.00,,,CAN$ 131.00,Yes,"CAN$ 2,055.00",,,"CAN$ 8,689.00",CAN$ 505.00,CAN$ 295.00,"CAN$ 11,735.00",,,,CAN$ 131.00,,,,,,,,,,,"CAN$ 8,689.00",CAN$ 505.00,CAN$ 295.00,,"CAN$ 11,735.00",,,,,,,,,,,,,,"CAN$ 12,884.00",,"CAN$ 12,884.00","CAN$ 6,716.00",,,,,"CAN$ 12,884.00",,,,No,No,No,No,
ROYAL CANADIAN AIR CADETS 94 NEWMARKET SQUADRON,130387665RR0040,https://apps.cra-arc.gc.ca/ebci/hacc/srch/pub/dsplyRprtngPrd?q.srchNm=cadets&selectedCharityBn=130387665RR0040&dsrdPg=1,No,No,No,Yes,No,No,,,No,,No,No,No,No,Accrual,,,,,,,,,,,,,,,,,,,,,,,,,,,,,,,,,,,,,,,,,,,,,,,,,,,,,,,,,,,,,,,,,,,,,,,,,,,,,,,No,No,No,No,
"ROYAL CANADIAN AIR CADETS, 831 LEDUC SQUADRON",125593657RR0152,https://apps.cra-arc.gc.ca/ebci/hacc/srch/pub/dsplyRprtngPrd?q.srchNm=cadets&selectedCharityBn=125593657RR0152&dsrdPg=1,,,,,,,,,,,,,,,,,,,,,,,,,,,,,,,,,,,,,,,,,,,,,,,,,,,,,,,,,,,,,,,,,,,,,,,,,,,,,,,,,,,,,,,,,,,,,,,,,,
Sponsoring Committee of No. 200 (Wolf) Squadron Royal Canadian Air Cadets,130387665RR0016,https://apps.cra-arc.gc.ca/ebci/hacc/srch/pub/dsplyRprtngPrd?q.srchNm=cadets&selectedCharityBn=130387665RR0016&dsrdPg=1,No,No,No,Yes,No,No,,,No,,No,No,No,No,Cash,,,,,,,,,,,,,,,,,,,,,,,,,,,,,,,,,,,,,,,,,,,,,,,,,,,,,,,,,,,,,,,,,,,,,,,,,,,,,,,No,No,No,No,
SAULT SQUIRES POLICE CADETS CORPS,119141679RR0001,https://apps.cra-arc.gc.ca/ebci/hacc/srch/pub/dsplyRprtngPrd?q.srchNm=cadets&selectedCharityBn=119141679RR0001&dsrdPg=1,,Yes,Yes,,No,Yes,No,,No,,No,No,No,No,,No,,,,,,,,,,,,,,,,,,,,No,No,,,,,No,,,,,,,,,,,,,,,,,,,,,,,,,,,,,,,,,,,,,,,,,,,,,,,,,,,,No,No,No,,
"SPONSORING COMMITTEE OF NO. 242 (ROSS FERGUSON) SQUADRON, ROYAL CANADIAN AIR CADETS",130387665RR0009,https://apps.cra-arc.gc.ca/ebci/hacc/srch/pub/dsplyRprtngPrd?q.srchNm=cadets&selectedCharityBn=130387665RR0009&dsrdPg=1,Yes,No,No,Yes,Yes,No,,,No,,No,No,No,No,Cash,No,,,,,,,,,,,,,"CAN$ 34,216.00",,,,,,,No,Yes,"CAN$ 5,269.00",,"CAN$ 1,714.00",,Yes,"CAN$ 4,111.00",,,"CAN$ 6,417.00",CAN$ 381.00,"CAN$ 5,838.00","CAN$ 23,730.00",,,"CAN$ 1,714.00",,,,,,,,,,,,"CAN$ 6,417.00",CAN$ 381.00,"CAN$ 5,838.00",,"CAN$ 23,730.00",,,,,,,,,,,,,,"CAN$ 14,245.00",,"CAN$ 14,245.00","CAN$ 15,494.00",CAN$ 751.00,,,"CAN$ 2,000.00","CAN$ 16,245.00",,,,No,No,No,No,
"SPONSORING COMMITTEE OF NO. 999 SQUADRON, ROYAL CANADIAN AI R CADETS",130387665RR0006,https://apps.cra-arc.gc.ca/ebci/hacc/srch/pub/dsplyRprtngPrd?q.srchNm=cadets&selectedCharityBn=130387665RR0006&dsrdPg=1,Yes,No,No,Yes,No,No,No,,No,,No,No,No,No,Cash,No,,,,,,,,,,,,,"CAN$ 31,971.00",,,,,,,No,No,,,,,Yes,,,,"CAN$ 3,485.00",,,"CAN$ 3,485.00",,,,,,,,,,,,,,,"CAN$ 3,485.00",,,,"CAN$ 3,485.00",,,,,,,,,,,,,,"CAN$ 6,487.00",,"CAN$ 6,487.00","CAN$ 4,044.00",,,,,"CAN$ 6,487.00",,,,No,No,No,No,
STRATHCONA ARMY CADETS PARENT ASSOCIATION,816146070RR0001,https://apps.cra-arc.gc.ca/ebci/hacc/srch/pub/dsplyRprtngPrd?q.srchNm=cadets&selectedCharityBn=816146070RR0001&dsrdPg=1,No,No,No,Yes,No,No,No,,No,,No,No,No,No,,,,,,,,,,,,,,,,,,,,,,,,,,,,,,,,,,,,,,,,,,,,,,,,,,,,,,,,,,,,,,,,,,,,,,,,,,,,,,,,No,No,No,No,
The Air Cadet League of Canada - La Ligue des Cadets de l'Air du Canada,125593657RR0004,https://apps.cra-arc.gc.ca/ebci/hacc/srch/pub/dsplyRprtngPrd?q.srchNm=cadets&selectedCharityBn=125593657RR0004&dsrdPg=1,No,No,No,Yes,No,No,No,,No,,No,Yes,No,Yes,Accrual,,,,,,,,,,,,,,,,,,,,,,,,,,,,,,,,,,,,,,,,,,,,,,,,,,,,,,,,,,,,,,,,,,,,,,,,,,,,,,,No,No,No,No,
The Foundation of the Air Cadet League of Canada / La Fondation de la Ligue des Cadets de l'Air du Canada,822781266RR0001,https://apps.cra-arc.gc.ca/ebci/hacc/srch/pub/dsplyRprtngPrd?q.srchNm=cadets&selectedCharityBn=822781266RR0001&dsrdPg=1,No,No,Yes,Yes,No,Yes,No,,No,,No,No,No,No,Cash,,,,,,,,,,,,,,,,,,,,,,,,,,,,,,,,,,,,,,,,,,,,,,,,,,,,,,,,,,,,,,,,,,,,,,,,,,,,,,,No,No,No,No,
THE ARMY CADET LEAGUE OF CANADA (MANITOBA) INCORPORATED / LA LIGUE DES CADETS DE L'ARMÉE DU CANADA (MANITOBA) INCORPORÉE,119243798RR0001,https://apps.cra-arc.gc.ca/ebci/hacc/srch/pub/dsplyRprtngPrd?q.srchNm=cadets&selectedCharityBn=119243798RR0001&dsrdPg=1,No,No,No,Yes,No,No,No,,No,,No,No,No,Yes,Accrual,No,,,,,,,,,,,,,"CAN$ 22,032.00",,,,,,,No,Yes,"CAN$ 8,078.00",,CAN$ 284.00,"CAN$ 9,664.00",No,,,,CAN$ 311.00,,CAN$ 48.00,"CAN$ 18,385.00",,,CAN$ 284.00,"CAN$ 9,664.00",,,,,,,,,,,CAN$ 311.00,,CAN$ 48.00,,"CAN$ 18,385.00",,"CAN$ 1,954.00",,,,,,,,,,,,"CAN$ 20,506.00",,"CAN$ 22,460.00","CAN$ 16,674.00","CAN$ 5,786.00",,,,"CAN$ 22,460.00",,,,No,No,No,No,
"THE ARMY CADET LEAGUE OF CANADA (NEW BRUNSWICK), INC. - LA LIGUE DES CADETS DE L'ARMEE, INC.",119053965RR0001,https://apps.cra-arc.gc.ca/ebci/hacc/srch/pub/dsplyRprtngPrd?q.srchNm=cadets&selectedCharityBn=119053965RR0001&dsrdPg=1,No,No,No,Yes,No,No,,,No,,No,No,No,No,Cash,,,,,,,,,,,,,,,,,,,,,,,,,,,,,,,,,,,,,,,,,,,,,,,,,,,,,,,,,,,,,,,,,,,,,,,,,,,,,,,No,No,No,No,
THE ARMY CADET LEAGUE OF CANADA (ONTARIO)/LA LIGUE DES CADETS DE L'ARMEE DU CANADA (ONTARIO),108071572RR0001,https://apps.cra-arc.gc.ca/ebci/hacc/srch/pub/dsplyRprtngPrd?q.srchNm=cadets&selectedCharityBn=108071572RR0001&dsrdPg=1,Yes,No,No,Yes,No,No,No,,No,,No,Yes,No,Yes,Accrual,,,,,,,,,,,,,,,,,,,,,,,,,,,,,,,,,,,,,,,,,,,,,,,,,,,,,,,,,,,,,,,,,,,,,,,,,,,,,,,No,No,No,No,
THE ARMY CADET LEAGUE OF CANADA - LA LIGUE DES CADETS DE L'ARMEE DU CANADA,108071564RR0001,https://apps.cra-arc.gc.ca/ebci/hacc/srch/pub/dsplyRprtngPrd?q.srchNm=cadets&selectedCharityBn=108071564RR0001&dsrdPg=1,No,No,No,Yes,No,No,,,No,,No,Yes,No,No,Accrual,,,,,,,,,,,,,,,,,,,,,,,,,,,,,,,,,,,,,,,,,,,,,,,,,,,,,,,,,,,,,,,,,,,,,,,,,,,,,,,No,No,No,No,
THE ROYAL CANADIAN SEA CADET EDUCATION FOUNDATION / FONDATION ÉDUCATIVE POUR LES CADETS DE LA MARINE ROYALE CANADIENNE,827614413RR0001,https://apps.cra-arc.gc.ca/ebci/hacc/srch/pub/dsplyRprtngPrd?q.srchNm=cadets&selectedCharityBn=827614413RR0001&dsrdPg=2,No,No,Yes,Yes,No,No,,,No,,No,Yes,No,No,Accrual,,,,,,,,,,,,,,,,,,,,,,,,,,,,,,,,,,,,,,,,,,,,,,,,,,,,,,,,,,,,,,,,,,,,,,,,,,,,,,,No,No,No,No,
THE SEAFORTH HIGHLANDER CADETS OF CANADA,890876766RR0001,https://apps.cra-arc.gc.ca/ebci/hacc/srch/pub/dsplyRprtngPrd?q.srchNm=cadets&selectedCharityBn=890876766RR0001&dsrdPg=2,No,No,No,Yes,No,No,No,,No,,No,No,No,No,Accrual,,,,,,,,,,,,,,"CAN$ 67,804.00",,,,,,"CAN$ 1,500.00",,Yes,"CAN$ 4,993.00",,,,,,,,,,"CAN$ 9,439.00","CAN$ 14,432.00",,,,,,,,,,,,,,,,,"CAN$ 9,439.00",,"CAN$ 14,432.00",,,,,,,,,,,,,,"CAN$ 12,219.00",,"CAN$ 12,219.00","CAN$ 12,219.00",,,,,"CAN$ 12,219.00",,,,No,No,No,No,
10 Timmins Kiwanis Squadron R.C. Air Cadets Sponsoring Committee,130387665RR0099,https://apps.cra-arc.gc.ca/ebci/hacc/srch/pub/dsplyRprtngPrd?q.srchNm=cadets&selectedCharityBn=130387665RR0099&dsrdPg=2,No,No,No,Yes,No,No,,,No,,No,No,No,No,Cash,No,,,,,,,,,,,,,"CAN$ 50,934.00",,,,,,,No,Yes,"CAN$ 2,900.00",,,"CAN$ 6,000.00",Yes,"CAN$ 1,971.00",,,"CAN$ 26,183.00",,CAN$ 277.00,"CAN$ 37,331.00",,,,"CAN$ 6,000.00",,,,,,,,,,,"CAN$ 26,183.00",,CAN$ 277.00,,"CAN$ 37,331.00",,"CAN$ 1,359.00",,,,,,,,,,,,"CAN$ 22,410.00",,"CAN$ 23,769.00",,,,,,"CAN$ 23,769.00",,,,No,No,No,No,
104 Starfighter Squadron Royal Canadian Air Cadets - Sponsoring Committee,130387665RR0088,https://apps.cra-arc.gc.ca/ebci/hacc/srch/pub/dsplyRprtngPrd?q.srchNm=cadets&selectedCharityBn=130387665RR0088&dsrdPg=2,Yes,No,No,Yes,No,No,No,,No,,No,No,No,No,Accrual,No,,,,,,,,,,,,,"CAN$ 31,349.00",,,,,,,No,No,,,,CAN$ 903.00,Yes,"CAN$ 3,998.00",,,"CAN$ 35,125.00","CAN$ 1,355.00",CAN$ 869.00,"CAN$ 42,250.00",,,,CAN$ 903.00,,,,,,,,,,,"CAN$ 35,125.00","CAN$ 1,355.00",CAN$ 869.00,,"CAN$ 42,250.00",,CAN$ 758.00,,,,,CAN$ 484.00,,,,,,,"CAN$ 28,347.00",,"CAN$ 29,589.00","CAN$ 19,486.00","CAN$ 10,103.00",,,,"CAN$ 29,589.00",,,,No,No,No,No,
121 RED ARROWS SQUADRON ROYAL CANADIAN AIR CADETS,130387665RR0061,https://apps.cra-arc.gc.ca/ebci/hacc/srch/pub/dsplyRprtngPrd?q.srchNm=cadets&selectedCharityBn=130387665RR0061&dsrdPg=2,No,No,No,Yes,Yes,No,No,,No,,No,No,No,Yes,Cash,,,,,,,,,,,,,,,,,,,,,,,,,,,,,,,,,,,,,,,,,,,,,,,,,,,,,,,,,,,,,,,,,,,,,,,,,,,,,,,No,No,No,No,
"128 Thorold Squadron, Royal Canadian Air Cadets Sponsoring Committee",130387665RR0087,https://apps.cra-arc.gc.ca/ebci/hacc/srch/pub/dsplyRprtngPrd?q.srchNm=cadets&selectedCharityBn=130387665RR0087&dsrdPg=2,No,No,Yes,Yes,No,No,,,No,,No,No,No,No,Accrual,No,,,,,,,,,,,,,"CAN$ 31,643.00",,,,,,,No,Yes,"CAN$ 3,000.00",,,CAN$ 950.00,Yes,"CAN$ 3,198.00",,,"CAN$ 6,272.00",,CAN$ 679.00,"CAN$ 14,099.00",,,,CAN$ 950.00,,,,,,,,,,,"CAN$ 6,272.00",,CAN$ 679.00,,"CAN$ 14,099.00",,,,,,,,,,,,,,"CAN$ 13,262.00",,"CAN$ 13,262.00","CAN$ 11,625.00",,,,,"CAN$ 13,262.00",,,,No,No,No,No,
"142 SQUADRON, ROYAL CANADIAN AIR CADETS",130387665RR0064,https://apps.cra-arc.gc.ca/ebci/hacc/srch/pub/dsplyRprtngPrd?q.srchNm=cadets&selectedCharityBn=130387665RR0064&dsrdPg=2,Yes,No,No,Yes,No,No,,,No,,No,No,No,No,Cash,,,,,,,,,,,,,,,,,,,,,,,,,,,,,,,,,,,,,,,,,,,,,,,,,,,,,,,,,,,,,,,,,,,,,,,,,,,,,,,No,No,No,No,
147 AIRWOLF AIR CADETS PARENT SOCIETY,866971724RR0001,https://apps.cra-arc.gc.ca/ebci/hacc/srch/pub/dsplyRprtngPrd?q.srchNm=cadets&selectedCharityBn=866971724RR0001&dsrdPg=2,Yes,No,No,Yes,No,No,,,No,,No,No,No,No,Cash,,,,,,,,,,,,,,,,,,,,,,,,,,,,,,,,,,,,,,,,,,,,,,,,,,,,,,,,,,,,,,,,,,,,,,,,,,,,,,,No,No,No,No,
150 Hamilton Tiger Squadron Air Cadets Sponsoring Committee,130387665RR0080,https://apps.cra-arc.gc.ca/ebci/hacc/srch/pub/dsplyRprtngPrd?q.srchNm=cadets&selectedCharityBn=130387665RR0080&dsrdPg=2,Yes,No,No,Yes,No,No,,,No,,No,No,No,No,Cash,No,,,,,,,,,,,,,"CAN$ 43,573.00",,,,,,,No,No,,,,,No,,,,"CAN$ 4,555.00",,CAN$ 614.00,"CAN$ 5,169.00",,,,,,,,,,,,,,,"CAN$ 4,555.00",,CAN$ 614.00,,"CAN$ 5,169.00",,,,,,,,,,,,,,"CAN$ 23,307.00",,"CAN$ 23,307.00","CAN$ 14,570.00",,,,,"CAN$ 23,307.00",,,,No,No,No,No,
151 Chadburn Squadron Royal Canadian Air Cadets Sponsoring Committee,130387665RR0079,https://apps.cra-arc.gc.ca/ebci/hacc/srch/pub/dsplyRprtngPrd?q.srchNm=cadets&selectedCharityBn=130387665RR0079&dsrdPg=2,Yes,No,No,Yes,No,No,,,No,,No,No,No,No,Cash,,,,,,,,,,,,,,,,,,,,,,,,,,,,,,,,,,,,,,,,,,,,,,,,,,,,,,,,,,,,,,,,,,,,,,,,,,,,,,,No,No,No,No,
153 (Varnavair) Squadron Royal Canadian Air Cadets Sponsoring Committee,130387665RR0105,https://apps.cra-arc.gc.ca/ebci/hacc/srch/pub/dsplyRprtngPrd?q.srchNm=cadets&selectedCharityBn=130387665RR0105&dsrdPg=2,Yes,No,No,Yes,No,No,,,No,,No,No,No,No,Cash,No,,,,,,,,,,,,,"CAN$ 9,092.00",,,,,,,No,No,,,,"CAN$ 7,687.00",No,,,,"CAN$ 1,155.00",,,"CAN$ 8,842.00",,,,"CAN$ 7,687.00",,,,,,,,,,,"CAN$ 1,155.00",,,,"CAN$ 8,842.00",,,,,,,,,,,,,,,,,,,,,,,,,,No,No,No,No,
155 SQUADRON ROYAL CANADIAN AIR CADETS CIVILIAN SPONSORING COMMITTEE,130387665RR0059,https://apps.cra-arc.gc.ca/ebci/hacc/srch/pub/dsplyRprtngPrd?q.srchNm=cadets&selectedCharityBn=130387665RR0059&dsrdPg=2,,No,,Yes,No,No,,,No,,No,No,No,No,,No,,,,,,,,,,,,,"CAN$ 4,316.00",,,,,,,No,Yes,"CAN$ 1,590.00",,,"CAN$ 3,510.00",No,,,,"CAN$ 4,720.00",,CAN$ 18.00,"CAN$ 9,838.00",,,,"CAN$ 3,510.00",,,,,,,,,,,"CAN$ 4,720.00",,CAN$ 18.00,,"CAN$ 9,838.00",,,,,,,,,,,,,,"CAN$ 14,182.00",,"CAN$ 14,182.00","CAN$ 10,095.00",,,,,"CAN$ 14,182.00",,,,No,No,No,No,
"161 C.K. Beveridge Squadron, Royal Canadian Air Cadets",838690428RR0011,https://apps.cra-arc.gc.ca/ebci/hacc/srch/pub/dsplyRprtngPrd?q.srchNm=cadets&selectedCharityBn=838690428RR0011&dsrdPg=2,Yes,No,No,Yes,No,No,No,,No,,No,No,No,No,Cash,No,,,,,,,,,,,,,"CAN$ 28,531.00",,,,,,,,,,,,"CAN$ 4,897.00",Yes,"CAN$ 3,240.00",,,"CAN$ 7,242.00",CAN$ 20.00,CAN$ 258.00,"CAN$ 15,658.00",,,,"CAN$ 4,897.00",,,,,,,,,,,"CAN$ 7,242.00",CAN$ 20.00,CAN$ 258.00,,"CAN$ 15,658.00",,,,,,,,,,,,,,"CAN$ 12,064.00",,"CAN$ 12,064.00","CAN$ 10,386.00",,,,,"CAN$ 12,064.00",,,,No,No,No,No,
166 Bulldog Sqn Royal Canadian Air Cadets Sponsoring Committee,130387665RR0086,https://apps.cra-arc.gc.ca/ebci/hacc/srch/pub/dsplyRprtngPrd?q.srchNm=cadets&selectedCharityBn=130387665RR0086&dsrdPg=2,Yes,No,No,Yes,No,No,,,No,,No,No,No,No,Cash,No,,,,,,,,,,,,,"CAN$ 37,262.00",,,,,,CAN$ 0.00,No,No,,,,"CAN$ 4,260.00",Yes,"CAN$ 10,335.00",,,"CAN$ 13,741.00",,"CAN$ 9,165.00","CAN$ 37,501.00",,,,"CAN$ 4,260.00",,,,,,,,,,,"CAN$ 13,741.00",,"CAN$ 9,165.00",,"CAN$ 37,501.00",,,,,,,,,,,,,,"CAN$ 36,969.00",,"CAN$ 36,969.00","CAN$ 26,996.00",,,,,"CAN$ 36,969.00",,,,No,No,No,No,
171 Melfort Royal Canadian Air Cadets Sponsoring Committee,812909307RR0001,https://apps.cra-arc.gc.ca/ebci/hacc/srch/pub/dsplyRprtngPrd?q.srchNm=cadets&selectedCharityBn=812909307RR0001&dsrdPg=2,Yes,No,No,Yes,No,No,No,,No,,No,No,No,No,,,,,,,,,,,,,,,,,,,,,,,,,,,,,,,,,,,,,,,,,,,,,,,,,,,,,,,,,,,,,,,,,,,,,,,,,,,,,,,,No,No,No,No,
"172 Bowmanville Squadron, Royal Canadian Air Cadets, Sponsoring Committee",130387665RR0091,https://apps.cra-arc.gc.ca/ebci/hacc/srch/pub/dsplyRprtngPrd?q.srchNm=cadets&selectedCharityBn=130387665RR0091&dsrdPg=2,Yes,No,No,Yes,No,No,No,,No,,No,No,No,No,Cash,No,,,,,,,,,,,,,"CAN$ 42,571.00",,,,,,,No,No,,,,"CAN$ 30,073.00",No,,,,"CAN$ 9,473.00",CAN$ 170.00,CAN$ 996.00,"CAN$ 40,713.00",,,,"CAN$ 30,073.00",,,,,,,,,,,"CAN$ 9,473.00",CAN$ 170.00,CAN$ 996.00,,"CAN$ 40,713.00",,,,,,,,,,,,,,"CAN$ 33,965.00",,"CAN$ 33,965.00",,,,,,"CAN$ 33,965.00",,,,No,No,No,No,
"180 MOSQUITO SQUADRON, ROYAL CANADIAN AIR CADETS",130387665RR0018,https://apps.cra-arc.gc.ca/ebci/hacc/srch/pub/dsplyRprtngPrd?q.srchNm=cadets&selectedCharityBn=130387665RR0018&dsrdPg=2,Yes,No,No,Yes,No,No,,,No,,No,No,No,No,Cash,,,,,,,,,,,,,,,,,,,,,,,,,,,,,,,,,,,,,,,,,,,,,,,,,,,,,,,,,,,,,,,,,,,,,,,,,,,,,,,No,No,No,No,
183 TYPHOON SQUADRON ROYAL CANADIAN AIR CADETS,130387665RR0039,https://apps.cra-arc.gc.ca/ebci/hacc/srch/pub/dsplyRprtngPrd?q.srchNm=cadets&selectedCharityBn=130387665RR0039&dsrdPg=2,Yes,No,No,Yes,No,No,,,No,,No,No,No,No,Cash,No,,,,,,,,,,,,,"CAN$ 33,358.00",,,,,,,No,Yes,CAN$ 100.00,,,"CAN$ 4,022.00",Yes,"CAN$ 3,727.00",,,"CAN$ 12,421.00",,CAN$ 708.00,"CAN$ 20,979.00",,,,"CAN$ 4,022.00",,,,,,,,,,,"CAN$ 12,421.00",,CAN$ 708.00,,"CAN$ 20,979.00",,,,,,,,,,,,,,"CAN$ 18,965.00",,"CAN$ 18,965.00","CAN$ 11,431.00",,,,,"CAN$ 18,965.00",,,,No,No,No,No,
"197 ACTON SQUADRON, ROYAL CANADIAN AIR CADETS",130387665RR0021,https://apps.cra-arc.gc.ca/ebci/hacc/srch/pub/dsplyRprtngPrd?q.srchNm=cadets&selectedCharityBn=130387665RR0021&dsrdPg=2,Yes,,,,No,No,No,,,,No,No,No,No,Accrual,No,,,,,,,,,,,,,"CAN$ 50,172.00",,,,,,,No,No,,,,"CAN$ 7,485.00",No,,,,"CAN$ 2,014.00",,"CAN$ 1,553.00","CAN$ 11,052.00",,,,"CAN$ 7,485.00",,,,,,,,,,,"CAN$ 2,014.00",,"CAN$ 1,553.00",,"CAN$ 11,052.00",,,,,,,,,,,,,,"CAN$ 10,367.00",,"CAN$ 10,367.00","CAN$ 6,583.00","CAN$ 3,784.00",,,,"CAN$ 10,367.00",,,,No,No,No,No,
23 Optimist Royal Canadian Air Cadets Squadron Sponsoring Committee,130387665RR0090,https://apps.cra-arc.gc.ca/ebci/hacc/srch/pub/dsplyRprtngPrd?q.srchNm=cadets&selectedCharityBn=130387665RR0090&dsrdPg=2,Yes,No,No,Yes,No,No,,,No,,No,No,No,No,Cash,No,,,,,,,,,,,,,"CAN$ 86,275.00",,,,,,,No,No,,,,"CAN$ 13,140.00",Yes,"CAN$ 4,594.00",,,"CAN$ 12,004.00",,"CAN$ 6,986.00","CAN$ 36,724.00",,,,"CAN$ 13,140.00",,,,,,,,,,,"CAN$ 12,004.00",,"CAN$ 6,986.00",,"CAN$ 36,724.00",,,,,,,,,,,,,,"CAN$ 25,601.00",,"CAN$ 25,601.00","CAN$ 19,850.00",,,,,"CAN$ 25,601.00",,,,No,No,No,No,
291 Blenheim Bomber Squadron Royal Canadian Air Cadets Sponsoring Committee,130387665RR0084,https://apps.cra-arc.gc.ca/ebci/hacc/srch/pub/dsplyRprtngPrd?q.srchNm=cadets&selectedCharityBn=130387665RR0084&dsrdPg=2,Yes,No,No,Yes,No,Yes,No,,No,,No,No,No,No,Cash,No,,,,,,,,,,,,,"CAN$ 29,617.00",,,,,,,No,Yes,,,,"CAN$ 5,493.00",Yes,"CAN$ 3,492.00",,,"CAN$ 10,917.00",,"CAN$ 1,546.00","CAN$ 21,448.00",,,,"CAN$ 5,493.00",,,,,,,,,,,"CAN$ 10,917.00",,"CAN$ 1,546.00",,"CAN$ 21,448.00",,CAN$ 212.00,,,,,,,,,,,,"CAN$ 16,230.00",,"CAN$ 16,442.00","CAN$ 11,108.00","CAN$ 5,335.00",,,CAN$ 0.00,"CAN$ 16,442.00",,,,No,No,No,No,
294 Chatham-Kinsmen Royal Canadian Air Cadets Squadron Sponsoring Committee,130387665RR0097,https://apps.cra-arc.gc.ca/ebci/hacc/srch/pub/dsplyRprtngPrd?q.srchNm=cadets&selectedCharityBn=130387665RR0097&dsrdPg=2,,No,Yes,Yes,No,Yes,No,,No,,No,No,No,No,,,,,,,,,,,,,,,,,,,,,,,,,,,,,,,,,,,,,,,,,,,,,,,,,,,,,,,,,,,,,,,,,,,,,,,,,,,,,,,,No,No,No,No,
"296 City of Cambridge Squadron, Royal Canadian Air Cadets, Squadron Sponsoring Committee",130387665RR0015,https://apps.cra-arc.gc.ca/ebci/hacc/srch/pub/dsplyRprtngPrd?q.srchNm=cadets&selectedCharityBn=130387665RR0015&dsrdPg=2,No,No,No,Yes,No,No,No,,No,,No,No,No,No,Cash,,,,,,,,,,,,,,,,,,,,,,,,,,,,,,,,,,,,,,,,,,,,,,,,,,,,,,,,,,,,,,,,,,,,,,,,,,,,,,,No,No,No,No,
"314 GRAND FALLS SQUADRON, ROYAL CANADIAN AIR CADETS",125593657RR0092,https://apps.cra-arc.gc.ca/ebci/hacc/srch/pub/dsplyRprtngPrd?q.srchNm=cadets&selectedCharityBn=125593657RR0092&dsrdPg=2,,,,,,,,,,,,,,,,,,,,,,,,,,,,,,,,,,,,,,,,,,,,,,,,,,,,,,,,,,,,,,,,,,,,,,,,,,,,,,,,,,,,,,,,,,,,,,,,,,
"334 Oromocto Squadron, Royal Canadian Air Cadets",838690428RR0012,https://apps.cra-arc.gc.ca/ebci/hacc/srch/pub/dsplyRprtngPrd?q.srchNm=cadets&selectedCharityBn=838690428RR0012&dsrdPg=2,No,No,No,Yes,No,No,,,No,,No,No,No,No,Accrual,No,,,,,,,,,,,,,"CAN$ 11,080.00",,,,,,,No,Yes,CAN$ 180.00,,CAN$ 500.00,CAN$ 565.00,Yes,"CAN$ 3,489.00",,,"CAN$ 14,457.00",,CAN$ 474.00,"CAN$ 19,666.00",,,CAN$ 500.00,CAN$ 565.00,,,,,,,,,,,"CAN$ 14,457.00",,CAN$ 474.00,,"CAN$ 19,666.00",,CAN$ 404.00,,,,,,,,,,,,"CAN$ 11,860.00",,"CAN$ 12,265.00","CAN$ 11,971.00",CAN$ 293.00,,,,"CAN$ 12,265.00",,,,No,No,No,No,
379 Glengarry Mustangs Royal Canadian Air Cadets Squadron Sponsoring Committee,130387665RR0095,https://apps.cra-arc.gc.ca/ebci/hacc/srch/pub/dsplyRprtngPrd?q.srchNm=cadets&selectedCharityBn=130387665RR0095&dsrdPg=2,Yes,No,No,Yes,No,No,,,No,,No,No,No,Yes,Cash,No,,,,,,,,,,,,,"CAN$ 14,596.00",,,,,,,No,Yes,"CAN$ 5,000.00",,,"CAN$ 2,300.00",Yes,"CAN$ 3,266.00",,,"CAN$ 9,338.00",CAN$ 45.00,,"CAN$ 19,949.00",,,,"CAN$ 2,300.00",,,,,,,,,,,"CAN$ 9,338.00",CAN$ 45.00,,,"CAN$ 19,949.00",,,,,,,,,,,,,,"CAN$ 15,229.00",,"CAN$ 15,229.00","CAN$ 9,890.00",,,,,"CAN$ 15,229.00",,,,No,No,No,No,
526 THE WINNIPEG GRENADIERS CADET CORPS (ROYAL CANADIAN ARMY CADETS),128246543RR0001,https://apps.cra-arc.gc.ca/ebci/hacc/srch/pub/dsplyRprtngPrd?q.srchNm=cadets&selectedCharityBn=128246543RR0001&dsrdPg=2,,,,,,,,,,,,,,,,,,,,,,,,,,,,,,,,,,,,,,,,,,,,,,,,,,,,,,,,,,,,,,,,,,,,,,,,,,,,,,,,,,,,,,,,,,,,,,,,,,
532 Maitland Royal Canadian Air Cadets Squadron Sponsoring Committee,130387665RR0094,https://apps.cra-arc.gc.ca/ebci/hacc/srch/pub/dsplyRprtngPrd?q.srchNm=cadets&selectedCharityBn=130387665RR0094&dsrdPg=2,No,No,No,Yes,No,No,,,No,,No,No,No,Yes,Cash,No,,,,,,,,,,,,,"CAN$ 6,228.00",,,,,,,No,Yes,CAN$ 300.00,,,,No,,,,,,CAN$ 15.00,CAN$ 315.00,,,,,,,,,,,,,,,,,CAN$ 15.00,,CAN$ 315.00,,,,,,,,,,,,,,,,,,,,,,,,,,No,No,No,No,
"547 ""Canuck"" North Bay Squadron R.C. (Air) Cadets SponsoringCommittee",130387665RR0082,https://apps.cra-arc.gc.ca/ebci/hacc/srch/pub/dsplyRprtngPrd?q.srchNm=cadets&selectedCharityBn=130387665RR0082&dsrdPg=2,Yes,No,No,Yes,No,No,,,No,,No,No,No,No,Cash,No,,,,,,,,,,,,,,,,,,,,No,Yes,"CAN$ 5,149.00",,,"CAN$ 2,422.00",Yes,"CAN$ 4,761.00",,,"CAN$ 16,018.00",,"CAN$ 4,874.00","CAN$ 33,224.00",,,,"CAN$ 2,422.00",,,,,,,,,,,"CAN$ 16,018.00",,"CAN$ 4,874.00",,"CAN$ 33,224.00",,CAN$ 727.00,,,,,,,,,,,,"CAN$ 28,904.00",,"CAN$ 29,631.00",,,,,,"CAN$ 29,631.00",,,,No,No,No,No,
599 Escadron Marc Garneau Royal Canadian Air Cadets Comité Repondant,130387665RR0092,https://apps.cra-arc.gc.ca/ebci/hacc/srch/pub/dsplyRprtngPrd?q.srchNm=cadets&selectedCharityBn=130387665RR0092&dsrdPg=2,Yes,No,No,Yes,No,No,No,,No,,No,No,No,No,Cash,No,,,,,,,,,,,,,"CAN$ 8,763.00",,,,,,,No,No,,,"CAN$ 2,775.00",,Yes,"CAN$ 3,728.00",,,"CAN$ 9,488.00",,,"CAN$ 15,991.00",,,"CAN$ 2,775.00",,,,,,,,,,,,"CAN$ 9,488.00",,,,"CAN$ 15,991.00",,CAN$ 94.00,,,,,,,,,,,,"CAN$ 11,279.00",,"CAN$ 11,373.00","CAN$ 11,373.00",,,,,"CAN$ 11,373.00",,,,No,No,No,,
608 Duke of Edinburgh Squadron R.C. (Air) Cadets Sponsoring Committee,130387665RR0081,https://apps.cra-arc.gc.ca/ebci/hacc/srch/pub/dsplyRprtngPrd?q.srchNm=cadets&selectedCharityBn=130387665RR0081&dsrdPg=2,No,No,No,Yes,,,No,,No,,No,No,No,No,Cash,,,,,,,,,,,,,,,,,,,,,,,,,,,,,,,,,,,,,,,,,,,,,,,,,,,,,,,,,,,,,,,,,,,,,,,,,,,,,,,No,No,No,No,
611 HARVARD MARK 2 SQUADRON ROYAL CANADIAN AIR CADETS SPONSORING COMMITTEE,130387665RR0008,https://apps.cra-arc.gc.ca/ebci/hacc/srch/pub/dsplyRprtngPrd?q.srchNm=cadets&selectedCharityBn=130387665RR0008&dsrdPg=2,Yes,No,No,Yes,No,No,,,No,,No,No,No,No,Cash,No,,,,,,,,,,,,,"CAN$ 35,659.00",,,,,,,No,Yes,CAN$ 657.00,,,"CAN$ 3,034.00",Yes,"CAN$ 7,386.00",,,"CAN$ 19,890.00","CAN$ 2,516.00","CAN$ 1,358.00","CAN$ 34,841.00",,,,"CAN$ 3,034.00",,,,,,,,,,,"CAN$ 19,890.00","CAN$ 2,516.00","CAN$ 1,358.00",,"CAN$ 34,841.00",,,,,,,,,,,,,,"CAN$ 28,100.00",,"CAN$ 28,100.00","CAN$ 23,983.00",,,,,"CAN$ 28,100.00",,,,No,No,No,No,
618 Queen City Squadron Air Cadets Sponsoring Committee,130387665RR0017,https://apps.cra-arc.gc.ca/ebci/hacc/srch/pub/dsplyRprtngPrd?q.srchNm=cadets&selectedCharityBn=130387665RR0017&dsrdPg=2,No,No,No,No,No,No,No,,No,,No,No,No,No,Cash,No,,,,,,,,,,,,,"CAN$ 47,658.00",,,,,,,No,No,,,,"CAN$ 4,500.00",Yes,"CAN$ 4,500.00",,,"CAN$ 8,952.00",,"CAN$ 4,155.00","CAN$ 17,608.00",,,,"CAN$ 4,500.00",,,,,,,,,,,"CAN$ 8,952.00",,"CAN$ 4,155.00",,"CAN$ 17,608.00",,,,,,,,,,,,,,"CAN$ 10,750.00",,"CAN$ 1,050.00","CAN$ 6,167.00",,,,,,,,,No,No,No,No,
"62 Grimsby Phantom Squadron, Royal Canadian Air Cadets Sponsoring Committee",130387665RR0085,https://apps.cra-arc.gc.ca/ebci/hacc/srch/pub/dsplyRprtngPrd?q.srchNm=cadets&selectedCharityBn=130387665RR0085&dsrdPg=2,Yes,No,No,Yes,No,No,,,No,,No,No,No,No,,,,,,,,,,,,,,,,,,,,,,,,,,,,,,,,,,,,,,,,,,,,,,,,,,,,,,,,,,,,,,,,,,,,,,,,,,,,,,,,No,No,No,No,
"650 VANIER SQUADRON, ROYAL CANADIAN AIR CADETS",838690428RR0003,https://apps.cra-arc.gc.ca/ebci/hacc/srch/pub/dsplyRprtngPrd?q.srchNm=cadets&selectedCharityBn=838690428RR0003&dsrdPg=2,Yes,No,No,Yes,No,No,,,No,,No,No,No,No,Cash,No,,,,,,,,,,,,,"CAN$ 31,952.00",,,,,,"CAN$ 2,018.00",No,No,,,,"CAN$ 13,840.00",No,,,,"CAN$ 9,066.00",CAN$ 0.00,CAN$ 950.00,"CAN$ 23,856.00",,,,"CAN$ 13,840.00",,,,,,,,,,,"CAN$ 9,066.00",CAN$ 0.00,CAN$ 950.00,,"CAN$ 23,856.00",,,,,,,,,,,,,,"CAN$ 10,561.00",,"CAN$ 10,561.00","CAN$ 10,561.00",,,,,"CAN$ 10,561.00",,,,No,No,No,No,
681 TANTRAMAR SQUADRON ROYAL CANADIAN AIR CADETS,125593657RR0149,https://apps.cra-arc.gc.ca/ebci/hacc/srch/pub/dsplyRprtngPrd?q.srchNm=cadets&selectedCharityBn=125593657RR0149&dsrdPg=2,,,,,,,,,,,,,,,,,,,,,,,,,,,,,,,,,,,,,,,,,,,,,,,,,,,,,,,,,,,,,,,,,,,,,,,,,,,,,,,,,,,,,,,,,,,,,,,,,,
699 Air Cadets Support Wing Society,846065092RR0001,https://apps.cra-arc.gc.ca/ebci/hacc/srch/pub/dsplyRprtngPrd?q.srchNm=cadets&selectedCharityBn=846065092RR0001&dsrdPg=2,No,No,No,Yes,No,No,,,No,,No,No,No,No,Cash,,,,,,,,,,,,,,,,,,,,,,,,,,,,,,,,,,,,,,,,,,,,,,,,,,,,,,,,,,,,,,,,,,,,,,,,,,,,,,,No,No,No,No,
755 Parkland Air Cadets Parents Committee Association,885173617RR0001,https://apps.cra-arc.gc.ca/ebci/hacc/srch/pub/dsplyRprtngPrd?q.srchNm=cadets&selectedCharityBn=885173617RR0001&dsrdPg=2,No,No,No,Yes,No,No,,,No,,No,No,No,Yes,Cash,Yes,,,,,,,,,,,,,"CAN$ 112,989.00",,,,,,,No,Yes,CAN$ 250.00,,,"CAN$ 3,787.00",Yes,"CAN$ 3,809.00",,,"CAN$ 45,318.00",,"CAN$ 1,758.00","CAN$ 54,922.00",,,,"CAN$ 3,787.00",,,,,,,,,,,"CAN$ 45,318.00",,"CAN$ 1,758.00",,"CAN$ 54,922.00",,,,,,,,,,,,,,"CAN$ 31,999.00",,"CAN$ 31,999.00","CAN$ 20,269.00",,,,,"CAN$ 31,999.00",,,,No,No,No,No,
756 Wild Goose Royal Canadian Air Cadets Squadron Sponsoring Committee,130387665RR0029,https://apps.cra-arc.gc.ca/ebci/hacc/srch/pub/dsplyRprtngPrd?q.srchNm=cadets&selectedCharityBn=130387665RR0029&dsrdPg=2,Yes,No,No,Yes,No,No,,,No,,No,No,No,No,Cash,No,,,,,,,,,,,,,"CAN$ 63,706.00",,,,,,,No,No,,,,"CAN$ 5,330.00",Yes,"CAN$ 5,394.00",,,"CAN$ 13,653.00","CAN$ 1,914.00","CAN$ 18,810.00","CAN$ 45,101.00",,,,"CAN$ 5,330.00",,,,,,,,,,,"CAN$ 13,653.00","CAN$ 1,914.00","CAN$ 18,810.00",,"CAN$ 45,101.00",,,,,,,,,,,,,,"CAN$ 35,165.00",,"CAN$ 35,165.00","CAN$ 8,046.00",,,,,"CAN$ 35,165.00",,,,No,No,No,No,
"767 Dearman Squadron Royal Canadian Air Cadets, Sponsoring Committee",895800910RR0001,https://apps.cra-arc.gc.ca/ebci/hacc/srch/pub/dsplyRprtngPrd?q.srchNm=cadets&selectedCharityBn=895800910RR0001&dsrdPg=2,No,No,No,Yes,No,No,,,No,,No,No,No,No,Cash,No,,,,,,,,,,,,,"CAN$ 7,818.00",,,,,,,No,No,,,,CAN$ 400.00,Yes,"CAN$ 17,848.00",,,"CAN$ 24,874.00",CAN$ 36.00,"CAN$ 43,103.00","CAN$ 86,261.00",,,,CAN$ 400.00,,,,,,,,,,,"CAN$ 24,874.00",CAN$ 36.00,"CAN$ 43,103.00",,"CAN$ 86,261.00",,,,,,,,,,,,,,"CAN$ 144,466.00",,"CAN$ 144,466.00",,,,,,"CAN$ 144,466.00",,,,No,No,No,No,
767 DEARMAN SQUADRON ROYAL CANADIAN AIR CADETS,133723858RR0001,https://apps.cra-arc.gc.ca/ebci/hacc/srch/pub/dsplyRprtngPrd?q.srchNm=cadets&selectedCharityBn=133723858RR0001&dsrdPg=2,,,,,,,,,,,,,,,,,,,,,,,,,,,,,,,,,,,,,,,,,,,,,,,,,,,,,,,,,,,,,,,,,,,,,,,,,,,,,,,,,,,,,,,,,,,,,,,,,,
8 Globemaster Squadron/Escadron Royal Canadian Air Cadets Sponsoring Committee,130387665RR0101,https://apps.cra-arc.gc.ca/ebci/hacc/srch/pub/dsplyRprtngPrd?q.srchNm=cadets&selectedCharityBn=130387665RR0101&dsrdPg=2,No,No,No,Yes,No,No,,,No,,No,No,No,No,Cash,,,,,,,,,,,,,,,,,,,,,,,,,,,,,,,,,,,,,,,,,,,,,,,,,,,,,,,,,,,,,,,,,,,,,,,,,,,,,,,No,No,No,No,
800 Black Forest Squadron Royal Canadian Air Cadets Sponsoring Committee,130387665RR0089,https://apps.cra-arc.gc.ca/ebci/hacc/srch/pub/dsplyRprtngPrd?q.srchNm=cadets&selectedCharityBn=130387665RR0089&dsrdPg=2,Yes,No,Yes,Yes,No,No,No,,No,,No,No,No,No,Cash,,,,,,,,,,,,,,,,,,,,,,,,,,,,,,,,,,,,,,,,,,,,,,,,,,,,,,,,,,,,,,,,,,,,,,,,,,,,,,,No,No,No,No,
"800 BLACK FOREST SQUADRON, ROYAL CANADIAN AIR CADETS",125593657RR0243,https://apps.cra-arc.gc.ca/ebci/hacc/srch/pub/dsplyRprtngPrd?q.srchNm=cadets&selectedCharityBn=125593657RR0243&dsrdPg=2,,,,,,,,,,,,,,,,,,,,,,,,,,,,,,,,,,,,,,,,,,,,,,,,,,,,,,,,,,,,,,,,,,,,,,,,,,,,,,,,,,,,,,,,,,,,,,,,,,
"816 Rogersville Squadron, Royal Canadian Air Cadets Sponsorig Committee",838690428RR0010,https://apps.cra-arc.gc.ca/ebci/hacc/srch/pub/dsplyRprtngPrd?q.srchNm=cadets&selectedCharityBn=838690428RR0010&dsrdPg=2,No,No,No,Yes,No,No,No,,No,,No,No,No,No,Cash,No,,,,,,,,,,,,,"CAN$ 20,000.00",,,,,,,No,No,,,,,No,,,,"CAN$ 16,176.00",,,"CAN$ 16,176.00",,,,,,,,,,,,,,,"CAN$ 16,176.00",,,,"CAN$ 16,176.00",,,,,,,,,,,,,,"CAN$ 20,414.00",,"CAN$ 20,414.00",,,,,,"CAN$ 20,414.00",,,,No,No,No,No,
818 TORONTO FALCON SQUADRON ROYAL CANADIAN AIR CADETS SPONSORING COMMITTEE,130387665RR0007,https://apps.cra-arc.gc.ca/ebci/hacc/srch/pub/dsplyRprtngPrd?q.srchNm=cadets&selectedCharityBn=130387665RR0007&dsrdPg=2,Yes,No,No,Yes,No,No,,,No,,No,No,No,No,Cash,No,,,,,,,,,,,,,"CAN$ 45,792.00",,,,,,CAN$ 0.00,No,No,,,,"CAN$ 1,059.00",Yes,"CAN$ 2,943.00",,,"CAN$ 7,633.00",,"CAN$ 20,690.00","CAN$ 32,325.00",,,,"CAN$ 1,059.00",,,,,,,,,,,"CAN$ 7,633.00",,"CAN$ 20,690.00",,"CAN$ 32,325.00",,"CAN$ 24,035.00",,,,,,,,,,,,"CAN$ 18,722.00",,"CAN$ 42,757.00","CAN$ 38,836.00",,,,,"CAN$ 42,757.00",,,,No,No,No,No,
"837 Northeast Squadron, Royal Canadian Air Cadets",845567445RR0002,https://apps.cra-arc.gc.ca/ebci/hacc/srch/pub/dsplyRprtngPrd?q.srchNm=cadets&selectedCharityBn=845567445RR0002&dsrdPg=2,Yes,No,No,Yes,No,No,,,No,,No,,No,No,Cash,Yes,,,,,,,,,,,,,"CAN$ 6,714.00",,,,,,CAN$ 0.00,No,No,,,CAN$ 0.00,,Yes,"CAN$ 2,038.00",,,"CAN$ 4,065.00",,,"CAN$ 6,103.00",,,CAN$ 0.00,,,,,,,,,,,,"CAN$ 4,065.00",,,,"CAN$ 6,103.00",,,,,,,,,,,,,,"CAN$ 6,166.00",,"CAN$ 6,166.00","CAN$ 6,166.00",,,,,"CAN$ 6,166.00",,,,No,No,No,No,
851 SQUADRON ROYAL CANADIAN CADETS SPONSORING COMMITTEE,119311033RR0001,https://apps.cra-arc.gc.ca/ebci/hacc/srch/pub/dsplyRprtngPrd?q.srchNm=cadets&selectedCharityBn=119311033RR0001&dsrdPg=2,No,No,No,Yes,No,No,,,No,,No,No,No,No,Cash,No,,,,,,,,,,,,,,,,,,,,No,Yes,"CAN$ 11,782.00",,,CAN$ 633.00,Yes,"CAN$ 7,345.00",,,,,,,,,,CAN$ 633.00,,,,,,,,,,,,,,,,,"CAN$ 1,391.00",,,,,,,,,,,,"CAN$ 2,485.00",,"CAN$ 3,876.00","CAN$ 8,325.00",,,,,"CAN$ 3,876.00",,,,No,No,No,No,
"856 PICKERING KINSMAN SQUADRON ROYAL CANADIAN AIR CADETS PICKERING, ONTARIO",130387665RR0062,https://apps.cra-arc.gc.ca/ebci/hacc/srch/pub/dsplyRprtngPrd?q.srchNm=cadets&selectedCharityBn=130387665RR0062&dsrdPg=2,Yes,No,No,Yes,Yes,No,,,No,,No,No,No,No,Cash,,,,,,,,,,,,,,,,,,,,,,,,,,,,,,,,,,,,,,,,,,,,,,,,,,,,,,,,,,,,,,,,,,,,,,,,,,,,,,,No,No,No,No,
870 VAMPIRE SQUADRON ROYAL CANADIAN AIR CADETS,130387665RR0063,https://apps.cra-arc.gc.ca/ebci/hacc/srch/pub/dsplyRprtngPrd?q.srchNm=cadets&selectedCharityBn=130387665RR0063&dsrdPg=2,No,No,Yes,Yes,No,Yes,No,,No,,No,No,No,No,Cash,,,,,,,,,,,,,,,,,,,,,,,,,,,,,,,,,,,,,,,,,,,,,,,,,,,,,,,,,,,,,,,,,,,,,,,,,,,,,,,No,No,No,No,
874 TIGER MOTH SQUADRON (ROYAL CANADIAN AIR CADETS),125593657RR0029,https://apps.cra-arc.gc.ca/ebci/hacc/srch/pub/dsplyRprtngPrd?q.srchNm=cadets&selectedCharityBn=125593657RR0029&dsrdPg=2,,,,,,,,,,,,,,,,,,,,,,,,,,,,,,,,,,,,,,,,,,,,,,,,,,,,,,,,,,,,,,,,,,,,,,,,,,,,,,,,,,,,,,,,,,,,,,,,,,
883 Air Commodore Leonard Birchall Squadron Air Cadets Sponsoring Committee,130387665RR0098,https://apps.cra-arc.gc.ca/ebci/hacc/srch/pub/dsplyRprtngPrd?q.srchNm=cadets&selectedCharityBn=130387665RR0098&dsrdPg=2,Yes,No,No,Yes,No,No,No,,No,,No,No,No,No,Cash,No,,,,,,,,,,,,,"CAN$ 80,166.00",,,,,,,No,Yes,CAN$ 600.00,,,"CAN$ 14,436.00",Yes,"CAN$ 14,970.00",,,"CAN$ 36,931.00",,"CAN$ 149,869.00","CAN$ 216,806.00",,,,"CAN$ 14,436.00",,,,,,,,,,,"CAN$ 36,931.00",,"CAN$ 149,869.00",,"CAN$ 216,806.00",,,,,,,,,,,,,,"CAN$ 201,157.00",,"CAN$ 201,157.00",,,,,"CAN$ 184,400.00","CAN$ 201,157.00",,,,No,No,No,No,
895 FRED CAMPBELL SQUADRON ROYAL CANADIAN AIR CADETS,125593657RR0209,https://apps.cra-arc.gc.ca/ebci/hacc/srch/pub/dsplyRprtngPrd?q.srchNm=cadets&selectedCharityBn=125593657RR0209&dsrdPg=2,,,,,,,,,,,,,,,,,,,,,,,,,,,,,,,,,,,,,,,,,,,,,,,,,,,,,,,,,,,,,,,,,,,,,,,,,,,,,,,,,,,,,,,,,,,,,,,,,,
99 Lynx Squadron Royal Canadian Air Cadets Sponsoring Committee,130387665RR0093,https://apps.cra-arc.gc.ca/ebci/hacc/srch/pub/dsplyRprtngPrd?q.srchNm=cadets&selectedCharityBn=130387665RR0093&dsrdPg=2,No,No,No,Yes,No,No,,,No,,No,No,No,No,,,,,,,,,,,,,,,,,,,,,,,,,,,,,,,,,,,,,,,,,,,,,,,,,,,,,,,,,,,,,,,,,,,,,,,,,,,,,,,,No,No,No,No,
(S. C. A. C. S. A.) SUNSHINE COAST ARMY CADET SUPPORT ASSOCIATION,868793225RR0001,https://apps.cra-arc.gc.ca/ebci/hacc/srch/pub/dsplyRprtngPrd?q.srchNm=cadet&selectedCharityBn=868793225RR0001&dsrdPg=1,No,No,Yes,Yes,No,Yes,No,,No,,No,No,No,No,Cash,Yes,,,,,,,,,,,,,"CAN$ 35,358.00",,,,,,,No,Yes,"CAN$ 1,240.00",,,"CAN$ 4,088.00",Yes,"CAN$ 3,482.00",,,"CAN$ 8,166.00",,,"CAN$ 4,722.00",,,,"CAN$ 4,088.00",,,,,,,,,,,"CAN$ 8,166.00",,,,"CAN$ 4,722.00",,CAN$ 78.00,,,,,,,,,,,,"CAN$ 19,629.00",,"CAN$ 19,707.00","CAN$ 19,707.00",,,,,"CAN$ 19,707.00",,,,No,No,No,No,
#11 Lethbridge Air Cadet Squadron Parents Association,866340136RR0001,https://apps.cra-arc.gc.ca/ebci/hacc/srch/pub/dsplyRprtngPrd?q.srchNm=cadet&selectedCharityBn=866340136RR0001&dsrdPg=1,No,No,No,Yes,No,No,,,No,,No,No,No,No,Cash,Yes,,,,,,,,,,,,,CAN$ 1.00,,,,,,,No,Yes,CAN$ 200.00,,,"CAN$ 3,000.00",Yes,"CAN$ 5,247.00",,,"CAN$ 6,086.00",,"CAN$ 2,627.00","CAN$ 17,160.00",,,,"CAN$ 3,000.00",,,,,,,,,,,"CAN$ 6,086.00",,"CAN$ 2,627.00",,"CAN$ 17,160.00",,,,,,,,,,,,,,"CAN$ 25,147.00",,"CAN$ 25,147.00",,,,,,"CAN$ 25,147.00",,,,No,No,No,No,
#20 FREEDOM FIGHTERS AIR CADET SQUADRON,125593657RR0247,https://apps.cra-arc.gc.ca/ebci/hacc/srch/pub/dsplyRprtngPrd?q.srchNm=cadet&selectedCharityBn=125593657RR0247&dsrdPg=1,,,,,,,,,,,,,,,,,,,,,,,,,,,,,,,,,,,,,,,,,,,,,,,,,,,,,,,,,,,,,,,,,,,,,,,,,,,,,,,,,,,,,,,,,,,,,,,,,,
#3 STRIKER AIR CADET SQUADRON SPONSORING COMMITTEE,130387665RR0075,https://apps.cra-arc.gc.ca/ebci/hacc/srch/pub/dsplyRprtngPrd?q.srchNm=cadet&selectedCharityBn=130387665RR0075&dsrdPg=1,Yes,No,No,Yes,No,No,,,No,,No,No,No,Yes,Cash,No,,,,,,,,,,,,,"CAN$ 113,884.00",,,,,,,No,Yes,"CAN$ 2,000.00",,,"CAN$ 8,374.00",Yes,"CAN$ 6,329.00",,,"CAN$ 20,008.00","CAN$ 1,611.00","CAN$ 22,530.00","CAN$ 60,852.00",,,,"CAN$ 8,374.00",,,,,,,,,,,"CAN$ 20,008.00","CAN$ 1,611.00","CAN$ 22,530.00",,"CAN$ 60,852.00",,,,,,,,,,,,,,"CAN$ 43,356.00",,"CAN$ 43,356.00","CAN$ 38,397.00",,,,,"CAN$ 43,356.00",,,,No,No,No,No,
"""825 ELKS"" ROYAL CANADIAN AIR CADET SQUADRON UNIT FUND",134143452RR0001,https://apps.cra-arc.gc.ca/ebci/hacc/srch/pub/dsplyRprtngPrd?q.srchNm=cadet&selectedCharityBn=134143452RR0001&dsrdPg=1,,,,,,,,,,,,,,,,,,,,,,,,,,,,,,,,,,,,,,,,,,,,,,,,,,,,,,,,,,,,,,,,,,,,,,,,,,,,,,,,,,,,,,,,,,,,,,,,,,
Air Cadet Foundation of British Columbia,841128168RR0001,https://apps.cra-arc.gc.ca/ebci/hacc/srch/pub/dsplyRprtngPrd?q.srchNm=cadet&selectedCharityBn=841128168RR0001&dsrdPg=1,Yes,No,,Yes,No,No,,,No,,No,No,No,No,Cash,No,,,,,,,,,,,,,"CAN$ 21,524.00",,,,,,,No,Yes,"CAN$ 1,640.00",,CAN$ 910.00,,No,,,,,,CAN$ 287.00,"CAN$ 2,837.00",,,CAN$ 910.00,,,,,,,,,,,,,,CAN$ 287.00,,"CAN$ 2,837.00",,,,,,,,,,,,,,CAN$ 46.00,,CAN$ 46.00,,,,,,CAN$ 46.00,,,,No,No,No,No,
Air Cadet League of Canada (NF) Inc.,845567445RR0001,https://apps.cra-arc.gc.ca/ebci/hacc/srch/pub/dsplyRprtngPrd?q.srchNm=cadet&selectedCharityBn=845567445RR0001&dsrdPg=1,,No,No,Yes,,No,,,No,,No,No,No,Yes,Accrual,,,,,,,,,,,,,,,,,,,,,,,,,,,,,,,,,,,,,,,,,,,,,,,,,,,,,,,,,,,,,,,,,,,,,,,,,,,,,,,No,No,No,No,
Air Cadet League of Canada - 588 Eric Simms Squadron,123613523RR0039,https://apps.cra-arc.gc.ca/ebci/hacc/srch/pub/dsplyRprtngPrd?q.srchNm=cadet&selectedCharityBn=123613523RR0039&dsrdPg=1,No,No,No,Yes,No,No,,,No,,No,No,No,No,,,,,,,,,,,,,,,,,,,,,,,,,,,,,,,,,,,,,,,,,,,,,,,,,,,,,,,,,,,,,,,,,,,,,,,,,,,,,,,,No,No,No,No,
Air Cadet League of Canada 164 Shelburne Squadron SponsoringCommittee,130387665RR0096,https://apps.cra-arc.gc.ca/ebci/hacc/srch/pub/dsplyRprtngPrd?q.srchNm=cadet&selectedCharityBn=130387665RR0096&dsrdPg=1,Yes,No,No,Yes,No,No,No,,No,,No,No,No,No,Cash,No,,,,,,,,,,,,,"CAN$ 41,892.00",,,,,,,No,No,,,,"CAN$ 8,474.00",Yes,,,CAN$ 24.00,"CAN$ 9,114.00",,"CAN$ 2,720.00","CAN$ 20,332.00",,,,"CAN$ 8,474.00",,,,,CAN$ 24.00,,,,,,"CAN$ 9,114.00",,"CAN$ 2,720.00",,"CAN$ 20,332.00",,,,,,,,,,,,,,"CAN$ 15,351.00",,"CAN$ 15,351.00","CAN$ 14,470.00",,,,,"CAN$ 15,351.00",,,,No,No,No,,
"Air Cadet League of Canada, 279 Elk Valley Squadron Sponsoring Committee",893438408RR0001,https://apps.cra-arc.gc.ca/ebci/hacc/srch/pub/dsplyRprtngPrd?q.srchNm=cadet&selectedCharityBn=893438408RR0001&dsrdPg=1,Yes,No,No,Yes,No,No,,,No,,No,No,No,No,,,,,,,,,,,,,,,,,,,,,,,,,,,,,,,,,,,,,,,,,,,,,,,,,,,,,,,,,,,,,,,,,,,,,,,,,,,,,,,,No,No,No,No,
"Air Cadet League of Canada, 609 Steveston Sponsoring Committee",832195622RR0001,https://apps.cra-arc.gc.ca/ebci/hacc/srch/pub/dsplyRprtngPrd?q.srchNm=cadet&selectedCharityBn=832195622RR0001&dsrdPg=1,Yes,No,Yes,Yes,No,Yes,No,,No,,No,No,No,No,Cash,No,,,,,,,,,,,,,"CAN$ 42,757.00",,,,,,,No,No,,,,"CAN$ 2,150.00",Yes,"CAN$ 6,442.00",,,"CAN$ 58,526.00",CAN$ 191.00,"CAN$ 31,876.00","CAN$ 99,186.00",,,,"CAN$ 2,150.00",,,,,,,,,,,"CAN$ 58,526.00",CAN$ 191.00,"CAN$ 31,876.00",,"CAN$ 99,186.00",,,,,,,,,,,,,,"CAN$ 88,675.00",,"CAN$ 88,675.00",,,,,,"CAN$ 88,675.00",,,,No,No,No,No,
AIR CADET FOUNDATION OF VANCOUVER ISLAND,841194558RR0001,https://apps.cra-arc.gc.ca/ebci/hacc/srch/pub/dsplyRprtngPrd?q.srchNm=cadet&selectedCharityBn=841194558RR0001&dsrdPg=1,,,,,,,,,,,,,,,,,,,,,,,,,,,,,,,,,,,,,,,,,,,,,,,,,,,,,,,,,,,,,,,,,,,,,,,,,,,,,,,,,,,,,,,,,,,,,,,,,,
AIR CADET LEAGUE #40 SNOWBIRD SQUADRON,794945733RR0001,https://apps.cra-arc.gc.ca/ebci/hacc/srch/pub/dsplyRprtngPrd?q.srchNm=cadet&selectedCharityBn=794945733RR0001&dsrdPg=1,Yes,No,Yes,Yes,No,Yes,No,,No,,No,No,No,No,Accrual,No,,,,,,,,,,,,,"CAN$ 19,112.00",,,,,,,No,No,,,,"CAN$ 3,000.00",Yes,"CAN$ 2,208.00",,,"CAN$ 19,257.00",CAN$ 861.00,"CAN$ 1,959.00","CAN$ 27,286.00",,,,"CAN$ 3,000.00",,,,,,,,,,,"CAN$ 19,257.00",CAN$ 861.00,"CAN$ 1,959.00",,"CAN$ 27,286.00",,,,,,,,,,,,,,"CAN$ 18,371.00",,"CAN$ 18,371.00","CAN$ 7,489.00",,,,,"CAN$ 18,371.00",,,,No,No,No,No,
AIR CADET LEAGUE BOW VALLEY SQUADRON NO 675,795813872RR0001,https://apps.cra-arc.gc.ca/ebci/hacc/srch/pub/dsplyRprtngPrd?q.srchNm=cadet&selectedCharityBn=795813872RR0001&dsrdPg=1,No,No,Yes,Yes,No,No,,,No,,No,No,No,No,Cash,No,,,,,,,,,,,,,,,,,,,,,No,,,CAN$ 150.00,"CAN$ 1,000.00",Yes,"CAN$ 7,680.00",,,"CAN$ 30,910.00",,CAN$ 281.00,"CAN$ 40,021.00",,,CAN$ 150.00,"CAN$ 1,000.00",,,,,,,,,,,"CAN$ 30,910.00",,CAN$ 281.00,,"CAN$ 40,021.00",,CAN$ 759.00,,,,,,,,,,,,"CAN$ 36,229.00",,"CAN$ 36,988.00","CAN$ 22,273.00","CAN$ 4,895.00",,,,"CAN$ 36,988.00",,,,No,No,No,No,
AIR CADET LEAGUE NO 41 HERCULES SQUADRON,899109599RR0001,https://apps.cra-arc.gc.ca/ebci/hacc/srch/pub/dsplyRprtngPrd?q.srchNm=cadet&selectedCharityBn=899109599RR0001&dsrdPg=1,No,No,No,Yes,No,No,No,,No,,No,No,No,Yes,Accrual,No,,,,,,,,,,,,,"CAN$ 95,846.00",,,,,,"CAN$ 2,150.00",No,Yes,"CAN$ 1,200.00",CAN$ 0.00,"CAN$ 2,200.00","CAN$ 2,101.00",Yes,"CAN$ 4,933.00",CAN$ 0.00,CAN$ 0.00,"CAN$ 32,606.00",,"CAN$ 17,892.00","CAN$ 60,932.00",,CAN$ 0.00,"CAN$ 2,200.00","CAN$ 2,101.00",,,,CAN$ 0.00,CAN$ 0.00,,,,,,"CAN$ 32,606.00",,"CAN$ 17,892.00",,"CAN$ 60,932.00",,"CAN$ 19,787.00",,,,,"CAN$ 1,110.00",,,,,,,"CAN$ 41,097.00",,"CAN$ 61,994.00","CAN$ 52,107.00","CAN$ 9,887.00",,,,"CAN$ 61,994.00",,,,No,No,No,No,
AIR CADET LEAGUE OF CANADA (MANITOBA) INC,866795255RR0001,https://apps.cra-arc.gc.ca/ebci/hacc/srch/pub/dsplyRprtngPrd?q.srchNm=cadet&selectedCharityBn=866795255RR0001&dsrdPg=1,Yes,No,No,Yes,No,No,No,,No,,No,No,No,No,Accrual,,,,,,,,,,,,,,,,,,,,,,,,,,,,,,,,,,,,,,,,,,,,,,,,,,,,,,,,,,,,,,,,,,,,,,,,,,,,,,,No,No,No,No,
AIR CADET LEAGUE OF CANADA - ALBERTA PROVINCIAL COMMITTEE,705318319RR0001,https://apps.cra-arc.gc.ca/ebci/hacc/srch/pub/dsplyRprtngPrd?q.srchNm=cadet&selectedCharityBn=705318319RR0001&dsrdPg=1,No,No,No,Yes,No,No,,,No,,No,No,No,No,Accrual,,,,,,,,,,,,,,,,,,,,,,,,,,,,,,,,,,,,,,,,,,,,,,,,,,,,,,,,,,,,,,,,,,,,,,,,,,,,,,,No,No,No,No,
AIR CADET LEAGUE OF CANADA - BRANT SQUADRON NO 104,125593657RR0123,https://apps.cra-arc.gc.ca/ebci/hacc/srch/pub/dsplyRprtngPrd?q.srchNm=cadet&selectedCharityBn=125593657RR0123&dsrdPg=1,,,,,,,,,,,,,,,,,,,,,,,,,,,,,,,,,,,,,,,,,,,,,,,,,,,,,,,,,,,,,,,,,,,,,,,,,,,,,,,,,,,,,,,,,,,,,,,,,,
AIR CADET LEAGUE OF CANADA - CHATHAM SQUADRON NO 597,125593657RR0127,https://apps.cra-arc.gc.ca/ebci/hacc/srch/pub/dsplyRprtngPrd?q.srchNm=cadet&selectedCharityBn=125593657RR0127&dsrdPg=1,,,,,,,,,,,,,,,,,,,,,,,,,,,,,,,,,,,,,,,,,,,,,,,,,,,,,,,,,,,,,,,,,,,,,,,,,,,,,,,,,,,,,,,,,,,,,,,,,,
"AIR CADET LEAGUE OF CANADA, 700 DAVID HORNELL VC SQUADRON",130387665RR0028,https://apps.cra-arc.gc.ca/ebci/hacc/srch/pub/dsplyRprtngPrd?q.srchNm=cadet&selectedCharityBn=130387665RR0028&dsrdPg=2,Yes,No,No,Yes,No,No,No,,No,,No,No,No,Yes,Cash,,,,,,,,,,,,,,,,,,,,,,,,,,,,,,,,,,,,,,,,,,,,,,,,,,,,,,,,,,,,,,,,,,,,,,,,,,,,,,,No,No,No,No,
"AIR CADET LEAGUE OF CANADA, 718 YUKON SQUADRON",130387665RR0066,https://apps.cra-arc.gc.ca/ebci/hacc/srch/pub/dsplyRprtngPrd?q.srchNm=cadet&selectedCharityBn=130387665RR0066&dsrdPg=2,No,No,Yes,Yes,No,Yes,No,,No,,No,No,No,No,Cash,,,,,,,,,,,,,,,,,,,,,,,,,,,,,,,,,,,,,,,,,,,,,,,,,,,,,,,,,,,,,,,,,,,,,,,,,,,,,,,No,No,No,No,
"AIR CADET LEAGUE OF CANADA, 773 RICHIBUCTO SQUADRON",838690428RR0002,https://apps.cra-arc.gc.ca/ebci/hacc/srch/pub/dsplyRprtngPrd?q.srchNm=cadet&selectedCharityBn=838690428RR0002&dsrdPg=2,Yes,No,No,Yes,No,No,,,No,,No,No,No,No,Accrual,No,,,,,,,,,,,,,"CAN$ 15,429.00",,,,,,,No,No,,,,"CAN$ 1,850.00",Yes,"CAN$ 2,119.00",,,"CAN$ 24,882.00",,CAN$ 517.00,"CAN$ 29,368.00",,,,"CAN$ 1,850.00",,,,,,,,,,,"CAN$ 24,882.00",,CAN$ 517.00,,"CAN$ 29,368.00",,,,,,,,,,,,,,"CAN$ 18,376.00",,"CAN$ 18,376.00","CAN$ 6,816.00",,,,,"CAN$ 18,376.00",,,,No,No,No,No,
"AIR CADET LEAGUE OF CANADA, 797 LANIGAN K OF C SQUADRON",794947739RR0001,https://apps.cra-arc.gc.ca/ebci/hacc/srch/pub/dsplyRprtngPrd?q.srchNm=cadet&selectedCharityBn=794947739RR0001&dsrdPg=2,No,No,No,Yes,No,No,,,No,,No,No,No,No,Cash,,,,,,,,,,,,,,,,,,,,,,,,,,,,,,,,,,,,,,,,,,,,,,,,,,,,,,,,,,,,,,,,,,,,,,,,,,,,,,,No,No,No,No,
"AIR CADET LEAGUE OF CANADA, 819 NORTH DELTA SPONSORING COMMITTEE",853823334RR0001,https://apps.cra-arc.gc.ca/ebci/hacc/srch/pub/dsplyRprtngPrd?q.srchNm=cadet&selectedCharityBn=853823334RR0001&dsrdPg=2,Yes,No,No,Yes,No,No,,,No,,No,No,No,No,Cash,No,,,,,,,,,,,,,"CAN$ 79,031.00",,,,,,,No,Yes,,,,CAN$ 700.00,Yes,"CAN$ 15,892.00",,,"CAN$ 13,600.00",,"CAN$ 28,752.00","CAN$ 58,944.00",,,,CAN$ 700.00,,,,,,,,,,,"CAN$ 13,600.00",,"CAN$ 28,752.00",,"CAN$ 58,944.00",,,,,,,,,,,,,,"CAN$ 33,897.00",,"CAN$ 33,897.00","CAN$ 33,897.00",,,,,"CAN$ 33,897.00",,,,No,No,No,No,
"AIR CADET LEAGUE OF CANADA, 876 MALVERN SQUADRON, SCARBOROUGH",125593657RR0014,https://apps.cra-arc.gc.ca/ebci/hacc/srch/pub/dsplyRprtngPrd?q.srchNm=cadet&selectedCharityBn=125593657RR0014&dsrdPg=2,,,,,,,,,,,,,,,,,,,,,,,,,,,,,,,,,,,,,,,,,,,,,,,,,,,,,,,,,,,,,,,,,,,,,,,,,,,,,,,,,,,,,,,,,,,,,,,,,,
"AIR CADET LEAGUE OF CANADA, 892 SNOWY OWL SQUADRON",130387665RR0068,https://apps.cra-arc.gc.ca/ebci/hacc/srch/pub/dsplyRprtngPrd?q.srchNm=cadet&selectedCharityBn=130387665RR0068&dsrdPg=2,Yes,No,No,Yes,No,No,No,,No,,No,No,No,No,Cash,,,,,,,,,,,,,,,,,,,,,,,,,,,,,,,,,,,,,,,,,,,,,,,,,,,,,,,,,,,,,,,,,,,,,,,,,,,,,,,No,No,No,No,
"AIR CADET LEAGUE OF CANADA, 907 SQUADRON SPONSORING COMMITTEE",897461208RR0001,https://apps.cra-arc.gc.ca/ebci/hacc/srch/pub/dsplyRprtngPrd?q.srchNm=cadet&selectedCharityBn=897461208RR0001&dsrdPg=2,Yes,No,No,Yes,No,No,,,No,,No,No,No,No,Cash,No,,,,,,,,,,,,,"CAN$ 141,437.00",,,,,,,No,No,,,,"CAN$ 8,012.00",Yes,"CAN$ 11,699.00",,,"CAN$ 2,620.00",,"CAN$ 54,537.00","CAN$ 76,868.00",,,,"CAN$ 8,012.00",,,,,,,,,,,"CAN$ 2,620.00",,"CAN$ 54,537.00",,"CAN$ 76,868.00",,,,,,,,,,,,,,"CAN$ 71,115.00",,"CAN$ 71,115.00","CAN$ 70,450.00",,,,,"CAN$ 71,115.00",,,,No,No,No,No,
"AIR CADET LEAGUE OF CANADA,342 BEDFORD LIONS SQUADRON",125593657RR0132,https://apps.cra-arc.gc.ca/ebci/hacc/srch/pub/dsplyRprtngPrd?q.srchNm=cadet&selectedCharityBn=125593657RR0132&dsrdPg=2,,,,,,,,,,,,,,,,,,,,,,,,,,,,,,,,,,,,,,,,,,,,,,,,,,,,,,,,,,,,,,,,,,,,,,,,,,,,,,,,,,,,,,,,,,,,,,,,,,
"AIR CADET LEAGUE, NO 555 MAPLE LEAF SQUADRON",123613523RR0019,https://apps.cra-arc.gc.ca/ebci/hacc/srch/pub/dsplyRprtngPrd?q.srchNm=cadet&selectedCharityBn=123613523RR0019&dsrdPg=2,No,No,No,Yes,No,No,No,,No,,No,No,No,No,Cash,,,,,,,,,,,,,,,,,,,,,,,,,,,,,,,,,,,,,,,,,,,,,,,,,,,,,,,,,,,,,,,,,,,,,,,,,,,,,,,No,No,No,No,
"AIR CADET LEAGUE, SABRE SQUADRON SASKATCHEWAN NO 34",133672774RR0001,https://apps.cra-arc.gc.ca/ebci/hacc/srch/pub/dsplyRprtngPrd?q.srchNm=cadet&selectedCharityBn=133672774RR0001&dsrdPg=2,No,No,No,Yes,No,No,,,No,,No,No,No,No,Cash,,,,,,,,,,,,,,,,,,,,,,,,,,,,,,,,,,,,,,,,,,,,,,,,,,,,,,,,,,,,,,,,,,,,,,,,,,,,,,,No,No,No,No,
"AIR CADET LEAGUE, 353 MILE ZERO SQUADRON SPONSORING COMMITTEE",888612108RR0001,https://apps.cra-arc.gc.ca/ebci/hacc/srch/pub/dsplyRprtngPrd?q.srchNm=cadet&selectedCharityBn=888612108RR0001&dsrdPg=2,No,No,No,Yes,No,No,,,No,,No,No,No,No,Cash,,,,,,,,,,,,,,,,,,,,,,,,,,,,,,,,,,,,,,,,,,,,,,,,,,,,,,,,,,,,,,,,,,,,,,,,,,,,,,,No,No,No,No,
ANDREW MYNARSKI V.C. ROYAL CANADIAN AIR CADET SQUADRON #573 - PARENT COUNCIL,866795255RR0002,https://apps.cra-arc.gc.ca/ebci/hacc/srch/pub/dsplyRprtngPrd?q.srchNm=cadet&selectedCharityBn=866795255RR0002&dsrdPg=2,No,No,No,Yes,No,No,,,No,,No,No,No,No,Cash,Yes,,,,,,,,,,,,,"CAN$ 23,359.00",,,,,,,No,Yes,CAN$ 260.00,,,"CAN$ 2,744.00",Yes,"CAN$ 8,875.00",,,"CAN$ 5,911.00",CAN$ 65.00,CAN$ 890.00,"CAN$ 18,745.00",,,,"CAN$ 2,744.00",,,,,,,,,,,"CAN$ 5,911.00",CAN$ 65.00,CAN$ 890.00,,"CAN$ 18,745.00",,,,,,,,,,,,,,"CAN$ 17,435.00",,"CAN$ 17,435.00","CAN$ 16,335.00",,,,,"CAN$ 17,435.00",,,,No,No,No,No,
ARMY CADET LEAGUE FOUNDATION OF ONTARIO,118790047RR0001,https://apps.cra-arc.gc.ca/ebci/hacc/srch/pub/dsplyRprtngPrd?q.srchNm=cadet&selectedCharityBn=118790047RR0001&dsrdPg=2,No,No,Yes,Yes,Yes,No,No,,No,,No,No,No,No,Accrual,No,,,,,,,,,,,,,"CAN$ 122,034.00",,,,,,,No,Yes,"CAN$ 20,956.00",,,"CAN$ 1,209.00",No,,,,,,"CAN$ 8,654.00","CAN$ 30,819.00",,,,"CAN$ 1,209.00",,,,,,,,,,,,,"CAN$ 8,654.00",,"CAN$ 30,819.00",,,,,,,,,,,,,,"CAN$ 1,000.00",,"CAN$ 1,000.00","CAN$ 1,000.00",,,,"CAN$ 2,000.00","CAN$ 3,000.00",,,,No,No,No,No,
CENTRE DE LA PETITE ENFANCE CADET-ROUSSELLE,107413460RR0001,https://apps.cra-arc.gc.ca/ebci/hacc/srch/pub/dsplyRprtngPrd?q.srchNm=cadet&selectedCharityBn=107413460RR0001&dsrdPg=2,No,No,No,Yes,No,No,No,,No,,No,Yes,No,No,Accrual,,,,,,,,,,,,,,,,,,,,,,,,,,,,,,,,,,,,,,,,,,,,,,,,,,,,,,,,,,,,,,,,,,,,,,,,,,,,,,,No,No,No,No,
"CHAMPIONNAT DU MONDE DE LUTTE OLYMPIQUE ""CADET"" ALMA 1991",100913664RR0001,https://apps.cra-arc.gc.ca/ebci/hacc/srch/pub/dsplyRprtngPrd?q.srchNm=cadet&selectedCharityBn=100913664RR0001&dsrdPg=2,,,,,,,,,,,,,,,,,,,,,,,,,,,,,,,,,,,,,,,,,,,,,,,,,,,,,,,,,,,,,,,,,,,,,,,,,,,,,,,,,,,,,,,,,,,,,,,,,,
Drayton Valley Air Cadet Parent Society,876719675RR0001,https://apps.cra-arc.gc.ca/ebci/hacc/srch/pub/dsplyRprtngPrd?q.srchNm=cadet&selectedCharityBn=876719675RR0001&dsrdPg=2,No,No,No,Yes,No,No,No,,No,,No,No,No,No,Cash,No,,,,,,,,,,,,,"CAN$ 54,307.00",,,,,,,No,No,,,,"CAN$ 11,461.00",Yes,"CAN$ 1,860.00",,,"CAN$ 34,375.00",,"CAN$ 1,172.00","CAN$ 48,868.00",,,,"CAN$ 11,461.00",,,,,,,,,,,"CAN$ 34,375.00",,"CAN$ 1,172.00",,"CAN$ 48,868.00",,,,,,,,,,,,,,"CAN$ 57,098.00",,"CAN$ 57,098.00","CAN$ 43,309.00",,,,,"CAN$ 57,098.00",,,,No,No,No,No,
"ESCADRON 883 RIVIERE-ROUGE, CADET DE L'AIR",125593657RR0175,https://apps.cra-arc.gc.ca/ebci/hacc/srch/pub/dsplyRprtngPrd?q.srchNm=cadet&selectedCharityBn=125593657RR0175&dsrdPg=2,,,,,,,,,,,,,,,,,,,,,,,,,,,,,,,,,,,,,,,,,,,,,,,,,,,,,,,,,,,,,,,,,,,,,,,,,,,,,,,,,,,,,,,,,,,,,,,,,,
FONDATION DES ANCIENS DU C.M.R. EX-CADET FOUNDATION,120293659RR0001,https://apps.cra-arc.gc.ca/ebci/hacc/srch/pub/dsplyRprtngPrd?q.srchNm=cadet&selectedCharityBn=120293659RR0001&dsrdPg=2,No,No,No,Yes,No,No,,,No,,No,No,No,No,Accrual,No,,,,,,,,,,,,,"CAN$ 255,167.00",,,,,,"CAN$ 56,241.00",No,Yes,"CAN$ 14,253.00",,,,No,,,,CAN$ 205.00,,CAN$ 850.00,"CAN$ 15,308.00",,,,,,,,,,,,,,,CAN$ 205.00,,CAN$ 850.00,,"CAN$ 15,308.00",,,,,,,,,,,,,,,,"CAN$ 10,911.00","CAN$ 8,500.00","CAN$ 2,411.00",,,,"CAN$ 10,911.00",,,,No,No,No,No,
"GONZAGA ARMY CADET FOUNDATION, INC.",891197741RR0001,https://apps.cra-arc.gc.ca/ebci/hacc/srch/pub/dsplyRprtngPrd?q.srchNm=cadet&selectedCharityBn=891197741RR0001&dsrdPg=2,No,No,Yes,Yes,No,No,No,,No,,No,No,No,,Accrual,No,,,,,,,,,,,,,"CAN$ 12,159.00",,,,,,,No,No,,,,,No,,,,,,,,,,,,,,,,,,,,,,,,,,,,,,,,,,,,,,,,CAN$ 691.00,,CAN$ 691.00,,,,,,CAN$ 691.00,,,,No,No,No,No,
KANATA CADET CENTRE,891341620RR0001,https://apps.cra-arc.gc.ca/ebci/hacc/srch/pub/dsplyRprtngPrd?q.srchNm=cadet&selectedCharityBn=891341620RR0001&dsrdPg=2,,,,,,,,,,,,,,,,,,,,,,,,,,,,,,,,,,,,,,,,,,,,,,,,,,,,,,,,,,,,,,,,,,,,,,,,,,,,,,,,,,,,,,,,,,,,,,,,,,
KITCHENER-WATERLOO CADET ORGANIZATION POLICE SCHOOL CADET CORPS,118983394RR0001,https://apps.cra-arc.gc.ca/ebci/hacc/srch/pub/dsplyRprtngPrd?q.srchNm=cadet&selectedCharityBn=118983394RR0001&dsrdPg=2,,,,,,,,,,,,,,,,,,,,,,,,,,,,,,,,,,,,,,,,,,,,,,,,,,,,,,,,,,,,,,,,,,,,,,,,,,,,,,,,,,,,,,,,,,,,,,,,,,
LAKE SUPERIOR ARMY CADET FUND,888201266RR0001,https://apps.cra-arc.gc.ca/ebci/hacc/srch/pub/dsplyRprtngPrd?q.srchNm=cadet&selectedCharityBn=888201266RR0001&dsrdPg=2,,,,,,,,,,,,,,,,,,,,,,,,,,,,,,,,,,,,,,,,,,,,,,,,,,,,,,,,,,,,,,,,,,,,,,,,,,,,,,,,,,,,,,,,,,,,,,,,,,
LLOYDMINSTER AIR CADET 186 SQUADRON INC.,129715157RR0001,https://apps.cra-arc.gc.ca/ebci/hacc/srch/pub/dsplyRprtngPrd?q.srchNm=cadet&selectedCharityBn=129715157RR0001&dsrdPg=2,No,No,No,Yes,No,No,,,No,,No,No,No,No,Cash,Yes,,,,,,,,,,,,,"CAN$ 474,478.00",,,,,,,No,No,,,,"CAN$ 13,889.00",Yes,"CAN$ 9,968.00",,,"CAN$ 23,955.00","CAN$ 3,910.00","CAN$ 5,473.00","CAN$ 57,195.00",,,,"CAN$ 13,889.00",,,,,,,,,,,"CAN$ 23,955.00","CAN$ 3,910.00","CAN$ 5,473.00",,"CAN$ 57,195.00",,,,,,,,,,,,,,"CAN$ 54,417.00",,"CAN$ 54,417.00","CAN$ 42,140.00",,,,,"CAN$ 54,417.00",,,,No,No,No,No,
#1 WEST MONTREAL SQUADRON,889193942RR0001,https://apps.cra-arc.gc.ca/ebci/hacc/srch/pub/dsplyRprtngPrd?q.srchNm=squadron&selectedCharityBn=889193942RR0001&dsrdPg=1,No,No,No,Yes,No,No,,,No,,No,No,No,No,Cash,No,,,,,,,,,,,,,"CAN$ 27,427.00",,,,,,CAN$ 0.00,No,Yes,"CAN$ 5,200.00",,,"CAN$ 5,615.00",Yes,"CAN$ 37,560.00",,,"CAN$ 1,787.00",,CAN$ 500.00,"CAN$ 50,662.00",,,,"CAN$ 5,615.00",,,,,,,,,,,"CAN$ 1,787.00",,CAN$ 500.00,,"CAN$ 50,662.00",,,,,,,,,,,,,,"CAN$ 48,525.00",,"CAN$ 48,525.00","CAN$ 48,458.00",CAN$ 678.00,,,,"CAN$ 48,525.00",,,,No,No,No,No,
#52 CITY OF CALGARY SQUADRON,794948133RR0001,https://apps.cra-arc.gc.ca/ebci/hacc/srch/pub/dsplyRprtngPrd?q.srchNm=squadron&selectedCharityBn=794948133RR0001&dsrdPg=1,No,No,No,Yes,No,No,,,No,,No,No,No,No,Cash,,,,,,,,,,,,,,,,,,,,,,,,,,,,,,,,,,,,,,,,,,,,,,,,,,,,,,,,,,,,,,,,,,,,,,,,,,,,,,,No,No,No,No,
#543 Wingham Valiants Squadron Sponsoring Committee,130387665RR0076,https://apps.cra-arc.gc.ca/ebci/hacc/srch/pub/dsplyRprtngPrd?q.srchNm=squadron&selectedCharityBn=130387665RR0076&dsrdPg=1,Yes,No,No,Yes,No,No,,,No,,No,No,No,No,Cash,No,,,,,,,,,,,,,"CAN$ 25,375.00",,,,,,,No,No,,,,CAN$ 300.00,Yes,CAN$ 935.00,,,"CAN$ 2,999.00",,"CAN$ 1,264.00","CAN$ 2,199.00",,,,CAN$ 300.00,,,,,,,,,,,"CAN$ 2,999.00",,"CAN$ 1,264.00",,"CAN$ 2,199.00",,CAN$ 82.00,,,,,,,,,,,,"CAN$ 8,644.00",,,"CAN$ 6,723.00",,,,,"CAN$ 9,726.00",,,,No,No,No,No,
#638 ALGONQUIN SQUADRON,130387665RR0036,https://apps.cra-arc.gc.ca/ebci/hacc/srch/pub/dsplyRprtngPrd?q.srchNm=squadron&selectedCharityBn=130387665RR0036&dsrdPg=1,No,No,No,Yes,No,No,No,,No,,No,No,No,No,Cash,No,,,,,,,,,,,,,"CAN$ 29,943.00",,,,,,,No,Yes,CAN$ 700.00,,,"CAN$ 3,262.00",Yes,"CAN$ 7,231.00",,,"CAN$ 11,271.00","CAN$ 1,365.00",CAN$ 832.00,"CAN$ 24,661.00",,,,"CAN$ 3,262.00",,,,,,,,,,,"CAN$ 11,271.00","CAN$ 1,365.00",CAN$ 832.00,,"CAN$ 24,661.00",,,,,,,,,,,,,,"CAN$ 22,717.00",,"CAN$ 22,717.00","CAN$ 16,514.00",,,,,"CAN$ 22,717.00",,,,No,No,No,No,
#639 F.P. MCLAREN SQUADRON,838690428RR0006,https://apps.cra-arc.gc.ca/ebci/hacc/srch/pub/dsplyRprtngPrd?q.srchNm=squadron&selectedCharityBn=838690428RR0006&dsrdPg=1,Yes,No,No,Yes,No,No,No,,,,No,No,No,Yes,Cash,No,,,,,,,,,,,,,"CAN$ 14,141.00",,,,,,,No,No,,,,CAN$ 211.00,Yes,"CAN$ 2,219.00",,,"CAN$ 2,102.00",CAN$ 145.00,CAN$ 507.00,"CAN$ 7,570.00",,,,CAN$ 211.00,,,,,,,,,,,"CAN$ 2,102.00",CAN$ 145.00,CAN$ 507.00,,"CAN$ 7,570.00",,"CAN$ 1,373.00",,,,,,,,,,,,"CAN$ 6,285.00",,"CAN$ 7,658.00","CAN$ 7,658.00","CAN$ 7,658.00",,,,"CAN$ 7,658.00",,,,No,No,No,No,
